date,decimal_year,satname,T00,T01,T02,T03,T04,T05,T06,T07,T08,T09,T10,T11,T12,T13,T14,T15
1984-05-02 18:13:15,1984.3340246548526,L5,24.266296943770072,47.75496255208124,58.29239572102693,65.63291490824838,70.01521668090886,70.01779899972136,53.33398656715619,37.89868409914948,60.16379060091861,81.15906728077798,65.97707491582909,57.510723593302004,58.16461374374305,56.99007858204269,75.31047342150933,66.85800777763644
1984-09-07 18:16:09,1984.684476751747,L5,33.54135752783596,51.758904880709274,60.505356938619606,,,,,,,,,,,,105.31343166638078,100.25423867326353
1984-09-23 18:16:11,1984.7282832638589,L5,18.185145095957594,47.44658172050738,53.798871478651904,27.077038965639375,88.61556009373467,71.6127139203118,46.34934520257318,20.905163009930227,,,,,,,,
1984-10-25 18:16:05,1984.8158962880825,L5,24.121838386540723,50.63901576999935,51.32647141588283,,,74.19767695436803,63.865414988133054,,,72.48003582902862,55.914341843866765,45.03992884617669,46.99552319931919,57.50059790892107,120.31005001862984,109.76895356493934
1984-11-17 18:22:07,1984.8788681492433,L5,,,,,,64.59385933444446,47.400932576240905,,,,,,,,,93.28318572247356
1984-12-12 18:16:08,1984.947315824418,L5,,,,,,,48.611022215071216,,,,,,,,,
1985-04-19 18:16:20,1985.2956939567548,L5,25.14841698435558,46.5514680380611,57.94173374820151,54.642874536857775,70.42834472587369,72.71738400077717,59.55766413633048,41.53272324220935,54.32547668118701,63.87640133803229,50.469750685923366,44.98356815013399,48.5777824635695,55.65502517775999,75.30968986877565,48.23909983501009
1985-07-24 18:15:56,1985.5585330294257,L5,,,,,,,,,,,,,,,,
1985-10-12 18:15:03,1985.7775655899848,L5,40.422323700563126,46.93433818668703,49.04472838122717,20.741030057740215,,85.30136765313343,57.61488406633991,,73.83511896239963,85.87252431309358,64.2405693244586,49.6828514790345,44.02327940018669,52.17520608645954,91.92883891603596,63.33774654958267
1985-10-28 18:14:51,1985.8213721020966,L5,42.72797392467971,49.473684189333824,48.21337234268597,,,77.43099231914013,52.87226620774419,-0.5342463851298715,,66.57918750575101,50.75203771154089,39.34699627670754,41.553688089205764,46.83611335202241,81.92366625156076,78.2914510718096
1986-02-01 18:13:04,1986.0848751172166,L5,,,,,,,,,,,,,,13.31278068970306,75.86907311170143,63.28835254957322
1986-03-21 18:12:01,1986.216294653552,L5,35.32631721663881,55.77466248438637,59.61858912158544,65.63228832003627,75.86289526037642,85.93111455057156,59.261535503057395,,48.242150829723435,80.09821465882976,71.854564813911,55.53504342014833,64.69369960417676,70.54823080184747,120.31362835203778,108.29183722315945
1986-05-08 18:10:55,1986.3477141898875,L5,46.429059876892936,51.81655333371373,61.96872558460351,65.6361755820523,66.64324792627094,62.70514916143301,54.37770727253451,,,,,,,,,
1986-05-24 18:10:28,1986.3915207019993,L5,56.287277473373116,75.25185520643149,84.33850028392582,97.80092171883531,82.73484385968558,81.59530653755526,75.66525064881796,58.38846927149341,74.77409670043897,80.8981723271794,77.88533338814432,73.07205797551431,70.86828838177334,70.97499706169776,120.59875066681565,125.29370533558946
1986-06-09 18:10:00,1986.435327214111,L5,,,,,,,,,,,,,,,,
1986-07-11 18:08:57,1986.5229402383347,L5,35.15395238637225,57.87670813584565,,,,,,,,,,,61.912338226440184,59.6405928867563,90.31486055401774,108.28904008587985
1986-10-31 18:05:05,1986.8295858231174,L5,,,,,,56.59980582443321,48.90733019566918,,,52.06115500735684,50.80872687414666,27.528458960551887,32.01854169279319,46.24017330619256,78.06552355149336,55.74272686749782
1986-12-02 18:04:29,1986.917198847341,L5,,,,,,,,,,,,,,,96.64944340049023,78.28921513564008
1987-01-10 18:11:50,1987.0246411630628,L5,,,,,,,,,,,,,,,90.31473731708192,52.24903777523189
1987-01-19 18:05:54,1987.0492823261259,L5,,,,,,,,,,,,,,,90.31096638091286,93.29123684397497
1987-01-26 18:12:16,1987.0684476751746,L5,,,,,,,,,,,,,,,90.31175769949465,53.228651778883965
1987-02-04 18:06:27,1987.0930888382377,L5,,,,,,,,,,,,,,,90.31618253764317,109.67985019722435
1987-02-20 18:07:05,1987.1368953503495,L5,,,,,,,,,,,65.1423727159939,,,70.14666575223309,100.01398621445873,93.28476974463132
1987-02-27 18:13:32,1987.1560606993983,L5,,,,,14.476845692606204,56.36936833881026,45.7016326305026,,,,30.358947687970335,18.376538471118785,37.39315479773698,43.3455138629932,107.08516132608453,93.2853540490267
1987-03-15 18:14:08,1987.19986721151,L5,,,,,,,,,,35.335592897334735,46.736582139485186,27.531858470787824,19.312588615512738,46.96628935711226,70.308555994415,63.288557588236536
1987-04-09 18:08:50,1987.268314886685,L5,31.892556028511528,48.32722845130421,53.994845634553556,50.62882736596076,64.43363744043936,71.60987284936722,52.09352140424559,29.519354107374173,34.86905905599863,60.35192404882504,61.52176221323663,33.93215424857495,62.72984009135514,72.45309834756117,80.75868130846473,78.28754715167072
1987-08-15 18:12:08,1987.6187669835795,L5,33.29830149345846,51.219002186785964,55.953637804307775,51.73358245089408,,86.61094891111864,70.00665018605329,59.13429286330314,93.1671398490931,87.26343583830474,67.184922764954,55.92207364965082,67.72388617601199,68.82511982660147,105.31488844471922,123.66246668081456
1987-08-22 18:18:30,1987.6379323326282,L5,26.428301085492347,54.114076605702614,60.863236729190035,65.63567606051367,89.78720173359059,87.81245794211085,57.315526068333256,43.14013329169189,83.73572667674496,95.7730037789492,81.50206989610629,61.810731973502286,75.73133025072362,89.72523721083533,90.24067513663859,93.29034179894221
1987-09-07 18:18:55,1987.68173884474,L5,19.69928534968873,58.9802229746043,70.97487006185597,52.01582962238483,,,73.01831379487791,,,,,,,,,
1987-09-16 18:12:57,1987.706380007803,L5,31.444799949026784,46.58654320043398,55.941602627139616,50.63496901848109,87.42060265383343,76.43301619965871,60.86461391054952,44.602903934091756,77.00518913851278,87.1544310870524,71.16323104513731,54.894022113679796,61.96135301280839,57.110369381804745,81.50803085646045,78.2856348527936
1987-10-25 18:19:52,1987.8131583810755,L5,-5.889655017289893,48.936409406821184,51.49552140015097,,,94.35846147791071,60.659935740583826,8.429090659803,,93.6102673655182,67.48682380870704,53.24730540504998,66.77616971354144,70.91874619846129,105.31350224603938,123.29347665115142
1988-03-26 18:16:06,1988.232722095594,L5,24.582377158848324,52.43932327621549,56.52450158946521,39.30358903728824,87.54194117897762,86.62171700412497,63.539196564337246,,,,,,,,,
1988-04-11 18:16:10,1988.2765286077058,L5,38.59482599071082,63.68515792896957,63.01752859449701,73.80597942046975,89.46148930154453,94.14049767901665,80.08190674552318,67.9671722654412,82.25499109275904,92.39923138501237,82.63119763971798,,,,,
1988-05-13 18:16:26,1988.3641416319294,L5,,,,,,,60.7511088531709,48.86660414152046,62.176258267246126,65.88274060819654,62.711209265960136,47.43368382809905,56.54993105009706,60.75242092666062,84.06874793946739,78.28816386245514
1988-05-29 18:16:33,1988.4079481440413,L5,38.51681868890324,48.99633144596807,53.98183769323222,65.63903910322499,68.7874735856416,67.90187415664609,60.68020624947585,45.975864358396,62.95766962685092,69.85479898696912,63.10414579950068,45.64301618396312,56.005626152623506,49.44158032455697,75.3104898717187,66.28519469071341
1988-06-30 18:16:43,1988.4955611682649,L5,,,,,,,,,,,,,,,90.31635529404161,95.88184207220193
1988-07-16 18:16:47,1988.5393676803767,L5,41.51288774840272,58.0949846249286,65.46994931578709,67.3746736699312,92.22651724296674,,,,,,,,,,,
1988-11-05 18:16:41,1988.8460132651594,L5,,,,,,58.357418459459986,54.193447324655196,,,64.53947106734329,51.624889776535696,27.545086162697242,32.63122763546024,51.85914223039062,81.8381273125533,55.38776081021484
1988-12-07 18:16:32,1988.933626289383,L5,,,,,,,,,,,,,18.360038641816786,45.96111547479479,92.17553441108801,111.94969977376695
1989-01-24 18:16:01,1989.0629718611608,L5,,,,,,,,,,,,,,,,
1989-03-13 18:15:27,1989.1943913974962,L5,,,,,,,76.97446493328071,66.20219257136084,68.73300350305215,,,80.98959918366789,77.01357653551283,89.28221767057289,85.08547000709979,108.28989859137722
1989-03-20 18:21:16,1989.213556746545,L5,,,,,,,,,,86.71860795939756,67.1178852477376,49.361982704374185,66.40507230274747,72.49993986700855,95.93275012901786,123.2844808693821
1989-05-16 18:14:33,1989.3696174459435,L5,,,,,,,,,,,,,,,,
1989-06-01 18:14:21,1989.4134239580553,L5,,,,,,,,,,,,,,,,
1989-06-17 18:13:55,1989.4572304701671,L5,,,,,,,,,,,,57.53503828738032,63.10385619890343,61.473414197357876,82.59666025774288,82.49454236496459
1989-07-19 18:13:21,1989.5448434943908,L5,37.50678198116197,53.73410200892314,55.06903434980073,52.32169648663209,,81.39232755928758,60.922409665656794,49.9252179087379,73.89568344384674,69.92160764095922,56.92561137842105,47.54267261164702,50.878976638091714,59.03346330068425,80.21624950031004,93.76155108096054
1989-10-07 18:11:36,1989.7638760549498,L5,,,,,,,,,,,84.46737358234701,78.89079780474685,76.99202536801981,75.68013244915241,112.58338177177394,110.66510288038916
1989-11-08 18:10:35,1989.8514890791735,L5,,,,,,92.34353763911399,58.61355416240786,,,88.79484050741938,68.08597041207977,40.158663286376644,,53.06655182589729,106.22884354348894,108.28010684109947
1989-12-10 18:09:39,1989.939102103397,L5,,,,,,,,,,,,,,,105.31543329304793,63.35118761997827
1989-12-26 18:09:11,1989.982908615509,L5,,,,,,,,,,,,,,,79.42457423300081,52.39291048314888
1990-01-27 18:08:09,1990.0711855821817,L5,,,,,,,,,,,,,,,105.3158067719803,64.90712203936845
1990-02-12 18:07:39,1990.1149920942935,L5,,,,,,,,,,,,,,22.713148624155007,81.73852417234043,78.29339634005837
1990-06-04 18:06:15,1990.4216376790762,L5,33.6672850582706,49.78166721334088,53.08727460836134,57.452125730382356,79.50190469570795,79.36893298833822,52.29415397375298,44.25363793689401,60.196358271280275,63.708454749801504,64.14241172329248,50.18154105466237,51.26426922959148,58.314740309737445,75.31141390626514,68.85623534314414
1990-06-20 18:06:14,1990.465444191188,L5,38.59992107111417,54.28406445058226,,,,,,,,,,,,66.64710457000287,106.2428270868442,108.28782598112058
1990-08-23 18:05:58,1990.6406702396353,L5,,,,,,,,,,,,,,,,
1990-09-24 18:05:49,1990.7282832638589,L5,,,,,,,,,,,67.7497734709277,,,,,
1991-04-04 18:07:44,1991.25462535165,L5,18.8584989623164,51.01624829967518,52.19677100778067,65.63284024637122,51.88153101136722,69.39170635507116,55.97219586351037,43.253976951045516,43.709612671417254,73.63999709967284,66.6163841908267,54.25157735538748,72.12141538958737,68.86066762934054,94.52316071089615,78.8680854816337
1991-08-10 18:09:35,1991.6050774485445,L5,,,,,,,,,,,,,,,,
1991-11-14 18:10:16,1991.8679165212154,L5,,,,,,,,,,70.12573344802837,60.36214887935142,,31.992890880884936,43.304042656937824,96.66851516060922,80.43414007971482
1991-11-30 18:10:29,1991.9117230333272,L5,,,,,,,,,,,,,,45.21028563749594,100.24495718719166,93.28137999932733
1992-01-01 18:10:21,1992.0,L5,,,,,,,,,,,,,,,90.31036615904382,51.624379946283135
1992-04-06 18:10:05,1992.2628390726709,L5,,,,,,,,,,,,,,,,
1992-09-13 18:08:12,1992.700904193789,L5,27.0790122489303,44.28695502733733,48.673071400544366,49.149726605477454,,79.86903911311757,50.91326359272118,28.031735649990985,84.55832940499464,,,,,,,
1992-10-15 18:07:34,1992.7885172180127,L5,,,,,,,,,,,,,,,,
1992-10-31 18:07:23,1992.8323237301245,L5,,,,,,,,,,,,,,,,
1992-12-18 18:07:25,1992.96374326646,L5,,,,,,,,,,,,,,13.339997701438838,93.50201528558827,93.2818924983166
1993-01-03 18:07:34,1993.005475814014,L5,,,,,,,,,,,,,,,120.31554768520871,123.28039871544355
1993-02-04 18:07:56,1993.0930888382377,L5,,,,,,,,,,30.32292105484119,38.18282240580351,12.513213554004082,16.97925785829232,26.558275803205465,71.6039018991803,48.234231235963165
1993-02-20 18:08:02,1993.1368953503495,L5,,,,,,,,,,26.60384152043067,30.36448136581034,4.9708839383453025,1.795926329110503,29.98794052075451,67.2005530472014,48.209923763577955
1993-04-09 18:08:21,1993.268314886685,L5,22.60659272620066,44.32947186562042,51.32390915924336,65.63019841500306,57.5974663626449,67.39389815094981,48.43210394112315,28.7530776532709,41.52016807741818,63.89159855325465,55.036171107657395,50.79960432147272,70.79480245932356,65.33121469562761,62.14645730131217,78.28442983248873
1993-06-12 18:08:36,1993.4435409351322,L5,,,,,,,,,,,75.49023985284828,74.67311888109631,81.18545065979362,85.5479549019785,101.4227557534408,93.28028277100752
1993-06-28 18:08:30,1993.487347447244,L5,,,,,,,,,,,,,,,,
1993-10-18 18:08:14,1993.7939930320267,L5,,,,,,,,,,,,,46.986781974411464,70.1625058801507,94.06183238385988,96.17073295493319
1993-11-03 18:08:08,1993.8377995441385,L5,,,,,,93.43857217899107,53.9145598448587,,,84.17426037846491,60.0073232696333,44.72632923633326,61.726218636267895,64.54775183339304,95.66395560073072,108.29237367638095
1993-11-19 18:07:59,1993.8816060562503,L5,,,,,,,,,,,61.33966671473277,,,52.749202326411414,114.80198521196769,138.7863266053812
1993-12-05 18:07:57,1993.9254125683622,L5,,,,,,,,,,,,,,,84.3286116704657,78.29305913515579
1994-01-06 18:07:35,1994.013689535035,L5,,,,,,,,,,,,,,,97.9990122718993,93.28842744978462
1994-03-27 18:06:30,1994.232722095594,L5,,,,-24.287106849713297,46.65037759565813,58.80464355592267,43.30719750169827,25.229155694140676,35.46290652726249,55.32546059306276,48.98527532143288,37.254585869947924,41.73677212040816,51.40947927694415,82.5743967665358,56.069048555459666
1994-04-12 18:06:11,1994.2765286077058,L5,35.83596296189071,49.56053182333295,53.97119834214588,52.18592863091398,68.42105347149563,,,,,,,,,,,
1994-04-28 18:05:54,1994.3203351198176,L5,,,,,,,,,,,,,,,,
1994-10-21 18:01:31,1994.8022067530476,L5,,,,,,82.91263312018944,60.038963695463195,,,64.1829804787081,48.910306970165266,30.368394184617866,46.07652328082071,48.37480546021369,127.16090363777546,108.28668483269335
1994-11-22 18:00:24,1994.8898197772712,L5,,,,,,,,,,,,,,52.73713069862332,110.097927664955,108.28246373734393
1995-03-14 17:56:20,1995.1971293045033,L5,,,,,,,,,,25.8874058904276,,,,,,
1995-06-18 17:52:07,1995.4599683771742,L5,35.31869474376935,63.20659402724935,59.82534833743856,70.98358129446511,,89.96904408053341,67.41282509129938,68.88940067326487,75.1787722583879,94.7217734193899,89.33892632302612,63.50893036423929,76.99069534597668,88.40145494818408,102.29963197951434,93.28353582906182
1995-09-06 17:48:26,1995.6790009377332,L5,16.079118139093474,54.00012168297399,58.4525320283652,67.70709574180472,90.90899002349423,78.60430747716381,62.68798808299312,38.28193347909777,74.52091072835444,84.74031948441412,60.35881905800097,45.47288574569762,57.42824801746713,58.61868458712427,120.40633347007345,115.90859551006683
1995-10-24 17:45:55,1995.8104204740687,L5,,,,,,49.05869210366102,60.29896345585894,,,53.875860253386314,57.28914658447187,26.83975620412864,21.02356166101192,43.269266784479825,105.31210354475456,94.74777279511868
1995-11-25 17:45:51,1995.8980334982923,L5,,,,,,,,,,,,,,,82.86838007489608,53.45326712448284
1995-12-02 17:52:22,1995.917198847341,L5,,,,,,,,,,,,,,,90.75895052249959,78.28312706466379
1996-03-16 17:53:32,1996.2053430255241,L5,,,,,,,,,,39.560887570227884,39.365207842648495,28.16199646779436,23.174004878114282,43.7488017589774,75.64757868513307,63.28431659245039
1996-05-03 17:56:29,1996.3367625618596,L5,,,,,,,,,,,,,,59.62610206042108,105.314478749612,108.2899993916934
1996-07-06 18:00:01,1996.5119886103068,L5,40.52783932261177,63.858045186403224,66.55861440444164,86.7935391509927,,83.80964767495841,64.1731067871611,59.65885727504408,82.40856270715315,89.26391229179455,84.43081615852691,67.54911557249139,65.33797309678603,73.17503687814207,100.00382556830894,110.02672326961218
1996-10-26 18:05:57,1996.8186341950895,L5,,,,,17.347888711548784,56.62452364012296,50.083481720721096,,,50.9476785269649,38.98141771394501,21.024772417919507,24.213482993865036,36.065476794744185,65.66192229651166,68.563321742804
1996-12-13 18:08:13,1996.950053731425,L5,,,,,,,,,,,,,,17.89826920241463,100.45181692853343,83.35815820080195
1997-01-30 18:10:27,1997.0793993032028,L5,,,,,,,,,,,,,,,90.31350812274984,78.29262724684395
1997-02-15 18:11:09,1997.1232058153146,L5,,,,,,48.09215811788681,47.694025814293056,,,51.75866133798714,64.62212749014016,,31.849853106134983,61.58354202065136,101.24692639640875,78.2803336537319
1997-03-03 18:11:48,1997.1670123274264,L5,,,,,,,,,,62.400734387338275,71.6493413928005,,73.01038097722608,63.86635340293002,85.63000650351876,78.28025902384431
1997-04-04 18:13:01,1997.25462535165,L5,34.39509041088173,50.22117094509063,55.6863538148598,50.637105911165825,61.05007298076656,,,,,,,,,,,
1997-05-06 18:14:08,1997.3422383758736,L5,37.73643613470077,54.064273855090605,60.02849886738783,52.30248252855471,72.74133622520152,69.33148438107986,53.83475206490019,45.64936850623408,49.28117130255214,72.84704983349887,62.26840137849044,56.05011916174702,53.359853810928044,52.14595150046942,69.54494842646568,78.29287416077298
1997-05-22 18:14:41,1997.3860448879855,L5,57.83214314352651,76.88883330977885,82.25896127193025,87.29199488604989,89.42304623415893,86.62943089855514,64.77143047950082,63.29411711569226,79.79241551820125,87.33460894945178,78.4320123680522,71.76186563602386,84.70605292115437,86.63938652833485,105.31637073285759,127.79914662863725
1997-06-23 18:15:48,1997.473657912209,L5,45.97363903995378,59.127417295566886,61.44515698935216,73.64437982203769,89.12956583519275,,,,,,,,,,,
1997-09-27 18:18:50,1997.73649698488,L5,26.29669549698426,45.93316341462424,48.02741320153319,35.62682707422556,49.9160630044848,56.61952008080442,50.261671031281026,14.499928487105182,32.351348636165284,50.13518496030483,41.180068357328324,31.61556696940036,44.52553319942312,50.79563983712621,67.70137959462173,63.28864196587022
1997-10-13 18:19:16,1997.7803034969918,L5,23.476149971171743,62.78706936289735,58.195019300483494,-39.267873292317994,58.77581416123051,69.02330378922797,60.6858513182026,,42.370620434550574,59.21016176331883,60.36167439455579,45.14439288028587,54.03949103690505,59.67578454655432,122.84810449548905,127.27306588352114
1998-03-06 18:22:32,1998.1752260484473,L5,21.662541917912048,50.02308874191587,39.993953462898396,,44.436254805399265,70.66125823529235,55.84624088987316,,,63.33843608958876,75.33881705050948,58.710935167973325,81.95726005362803,61.26636798887062,97.08056310490223,108.28450846815848
1998-05-09 18:23:25,1998.3504520968945,L5,,,,,,67.79344394685847,55.052952097149294,,,,,,,,,
1998-05-25 18:23:40,1998.3942586090063,L5,36.72619446708687,47.11144904221053,51.404044794101125,50.630083455108775,55.95334969987029,56.61002244663782,53.10097510078696,42.860484165850124,51.57629056040755,51.429311809112406,51.69996214094977,39.18307308712501,60.39987711339954,51.50043962737359,69.89025551352904,63.29160090720785
1998-07-12 18:24:18,1998.5256781453418,L5,,,,,,,,55.89448292666369,82.3555831725818,81.6794609945057,65.90420055964657,63.390528644650026,72.67463571814429,74.9247305151003,94.50581840606011,93.28390602587591
1998-10-16 18:24:54,1998.7885172180127,L5,,,,,93.40931271809148,78.55722728196372,59.875501763003804,42.50295799220287,74.06160273475086,81.70195095863252,66.75116162107298,45.002649764502635,58.420359876538356,57.49631145883872,105.31464621730956,64.7819725211777
1998-12-19 18:25:04,1998.96374326646,L5,,,,,,,52.0516005363206,,68.74680163460442,,,,,,,
1999-02-05 18:25:13,1999.0958267452445,L5,,,,,,56.637839766118574,54.368815542366356,,13.667584762377746,,,,,,,
1999-02-21 18:25:20,1999.1396332573563,L5,,,,,,,,,,42.00221835594542,55.52009134607475,,48.491587797242694,43.24726425164894,83.36592461447833,78.28719677565793
1999-03-09 18:25:10,1999.1834397694681,L5,2.1188518617115593,36.203906963103016,36.57423638898102,,,61.04147162690517,48.11206673377769,,,59.55833382358506,66.11707346687703,46.26703475795307,44.130820041075175,56.016862130207365,90.31310254601551,47.265214393075105
1999-06-29 18:23:51,1999.490085354251,L5,,,,,,,,,,,,,,60.217098215534655,107.93915216588567,109.36699691004155
1999-07-07 18:38:51,1999.5119886103068,L7,,,,,,,,,,,,,,,,
1999-10-11 18:39:06,1999.7748276829777,L7,,,,,,,,,,,,,,,,
1999-11-04 18:22:08,1999.8405374511456,L5,35.314848700174906,,51.33049763082186,,12.574123611686161,71.6177734015518,63.2264809362916,35.57648417393252,,64.15682073402762,65.13690055550424,,47.684796119317134,53.23968776011324,120.44186291219218,110.1726459747975
1999-11-12 18:38:57,1999.8624407072014,L7,42.81516435161249,41.212323131993536,49.65450969036433,,33.47470668528013,58.89083908882059,52.43372740346788,,8.277868905326137,42.18470627042004,48.99322733023657,35.039673111979184,54.40797094224194,55.992605775442925,82.80975675134782,55.72205370991999
1999-12-14 18:39:01,1999.950053731425,L7,,,,,,64.08941182924235,69.04634405164913,50.581822872544194,,50.53173944031715,62.675170383086595,,49.48217861708563,51.04518336373201,97.80576889291727,85.7788234777506
1999-12-22 18:21:09,1999.971956987481,L5,,,,,,,,,,,,,18.03502862519133,43.30706993512515,113.92732674953031,93.28041682753215
1999-12-30 18:38:51,1999.9938602435368,L7,,,,,,,66.16948394294333,,,,79.4228219042388,,54.34120216173763,59.7962725452813,112.81111170022686,115.78605960772776
2000-03-03 18:38:41,2000.1697502344332,L7,-11.372727160968754,39.35662111410076,47.0185997339449,,,55.568285471328075,56.428800957117986,43.915755813776286,,51.7229569465419,52.88735631433896,,55.93400241178723,55.32241816929913,52.759121653307304,70.79266045831527
2000-04-20 18:38:21,2000.3011697707686,L7,42.86337629420325,63.2351439021965,81.67487621736852,80.28503364212823,71.62476956417547,78.62265906688611,76.03996699806358,62.78608257416657,51.10576893745944,75.75907838752315,72.7262595552645,59.91342050605187,66.39729169039596,65.84422258320808,112.81072357279393,115.78608485051075
2000-04-28 18:21:24,2000.3230730268247,L5,35.35659934689043,49.10256969928804,58.96069925353834,66.70726471754007,71.65398367612218,,,,,,,,,,,
2000-08-02 18:23:18,2000.5859120994955,L5,35.42548394233123,56.69741370016838,64.78758561440937,80.63064706062576,,86.6434539070481,62.45093417601492,50.12391852535771,78.49120129228854,88.20121925174719,67.38032255266742,59.53391198448685,64.39096614762127,65.98352904815633,109.20919251953644,123.2910285326559
2000-08-18 18:23:46,2000.6297186116074,L5,,,,,,,,,,,,,,,,
2000-09-19 18:24:18,2000.717331635831,L5,21.624141954538832,49.85417295946495,65.48083101045253,37.45617448330875,,91.91364029284439,60.15240807021941,41.528289857369316,72.04802198481642,83.942943831161,66.7390509613314,52.99260812967972,62.00261747367419,55.87931416338697,81.76661424152728,93.50468085448372
2000-10-13 18:36:15,2000.7830414039988,L7,35.41179932050529,55.50456273017427,55.59600239686094,-18.309541561155513,80.42321929892697,75.56875336953,59.27847723994112,45.46399617842569,54.999938545718734,66.1595902471758,59.867112518211044,50.00896674854019,52.12678822890578,57.78818225851697,97.80541818095037,115.79093385989636
2000-10-21 18:24:43,2000.8049446600546,L5,46.223119608326265,49.250633467702855,49.45506930795109,,,86.60718921711324,60.81468511494242,31.660060673599894,55.13296813866462,79.72133593993232,60.34764878209568,42.575850229762075,52.80659825451538,55.646883892078314,90.31592674661492,78.28294835746564
2000-11-14 18:36:25,2000.8706544282225,L7,,48.52625016221426,47.49469307846531,,,66.68571605131683,53.34183777231496,,,51.55489773363226,52.7898030698387,38.70463139081384,54.50276238979291,55.35179326892012,97.81615519354311,85.7936131917326
2000-11-30 18:36:26,2000.9144609403343,L7,,,,,,73.87976343491627,57.241294287662484,,,50.99353536490851,57.66078156837938,,53.52951438789252,50.79130984870855,97.80842714084733,85.77633173458892
2000-12-16 18:36:29,2000.958267452446,L7,,,13.848907194094986,,,64.07916868280313,68.22099516600056,,,59.19788659248599,61.704892856753325,,,60.67082351029046,112.81295606216213,85.7757739293754
2000-12-24 18:25:44,2000.9801707085019,L5,,,,,,,,,,,,,22.202427863951556,33.91841323302404,,
2001-01-01 18:36:28,2001.0,L7,,,,,,64.10814993163379,64.04929779352052,,,,60.14476293159568,,,52.37363033005604,112.81580067561397,100.7818458564324
2001-01-17 18:36:33,2001.0438065121118,L7,,,,,,,72.1104903061503,,,57.20932989781995,67.86434193634105,,,50.78779907298646,97.79040118370156,100.76990074437195
2001-02-10 18:26:05,2001.1095162802796,L5,,,,,,,,82.17263455105193,,,,,17.603909019440827,13.25713454527518,35.24165838178388,18.283767139455318
2001-02-26 18:26:12,2001.1533227923915,L5,,,,,,,,,,,,,,,,
2001-03-14 18:26:11,2001.1971293045033,L5,10.877781222072583,46.33459967347214,50.36568871997207,-34.52117737138034,44.43148988993741,64.92921801144757,61.69262161394673,,37.01774650817773,62.74516478831964,61.384641324187115,41.740405730391274,69.64687821963884,57.7114206781396,92.37859177137634,78.29021181880464
2001-03-30 18:26:12,2001.240935816615,L5,42.60913979693265,56.148349976050135,59.363059946734474,65.63102131648725,75.02186450604586,,,,,,,,,,,
2001-05-01 18:26:16,2001.3285488408387,L5,,,,,,,,,,,,,,,79.56053744947752,93.29159823632911
2001-05-09 18:36:03,2001.3504520968945,L7,,,,,,,,,,,,,,,,
2001-06-02 18:26:25,2001.4161618650623,L5,35.435936102629256,47.37759115760407,52.23219468350809,56.76839007419428,60.0350377340178,60.59658922671369,60.68875431182488,44.30428777361671,54.005696305545634,60.40202895943005,61.233687543656586,44.52216963828377,51.48203644898146,48.00400708007296,67.90099580355785,63.39399740074605
2001-06-10 18:35:42,2001.4380651211181,L7,,,,,,,,,,,,,,,,
2001-06-18 18:26:22,2001.4599683771742,L5,,,,,,,,,,,,,,,,108.28199324668684
2001-07-28 18:35:16,2001.5694846574536,L7,,,,,,,,,,,,,,,,
2001-08-29 18:34:47,2001.6570976816772,L7,,,,,,,,,,,,,,,,
2001-09-06 18:26:14,2001.6790009377332,L5,,,,,,,,,,,60.0531936230789,53.8730182613639,56.72770729317564,57.65800627071761,90.31595732040154,94.30420424884147
2001-09-30 18:34:25,2001.7447107059008,L7,30.772409412511863,56.05563708426014,67.0366493379138,65.07801816105196,96.91444973408129,82.94391230522005,68.81812033115429,47.35674859603742,69.9504481972792,77.20076302096298,67.7957511422565,50.69851991471081,59.5722546661902,59.69885366192717,112.81283593747226,115.79044879086145
2001-10-24 18:25:53,2001.8104204740687,L5,40.56763674472791,48.5979671644587,45.076392211704125,,,68.34031958903864,48.25595127814845,13.081138980385022,29.912231403292378,56.80145538483959,46.241793091043,,,,,
2001-11-01 18:34:23,2001.8323237301245,L7,18.7254816681332,42.251339484712375,49.038316404494886,-20.899881779021708,62.56108690096009,69.25208084625497,53.08667736855695,38.75882895531697,,,,,,,,
2001-11-17 18:34:36,2001.8761302422363,L7,,40.53873339089881,,,,64.56902571770868,53.279968942302766,,,55.22795351737784,49.58636170473446,36.309813706219714,41.60845417483681,50.80388537989713,112.81500159469003,85.78326959559095
2001-12-03 18:34:33,2001.919936754348,L7,,27.931008160881408,,,,,,,,,,,,,,
2001-12-11 18:25:30,2001.9418400104041,L5,,,,,,,,,,,,,25.573863248578704,32.724604272781,90.3117064912828,93.28978448909783
2002-01-04 18:34:44,2002.0082137210209,L7,,,13.248253256101751,,,,53.205261571988316,,,56.61379445612649,53.829783566929066,,39.465239033807435,,,
2002-01-12 18:25:08,2002.030116977077,L5,,,,,,,,,,,,,,,115.44777436796011,108.28458620399584
2002-01-20 18:34:55,2002.0520202331327,L7,,,,,,62.070694443098986,57.26684270789042,,,,62.52582447548506,,39.36667815582793,46.476183710085614,112.81374606726757,100.77379086390417
2002-02-21 18:34:56,2002.1396332573563,L7,-8.289950859069911,48.85542085664709,48.1605733039381,,,65.00490953006104,68.214259374276,,,90.83198137319857,66.34922341114805,56.228711280349366,53.432366471315255,59.28646310291274,84.62121398739907,100.7921507714241
2002-06-05 18:22:35,2002.4243755860832,L5,,,,,,,,,,,,,,,,
2002-07-23 18:21:26,2002.5557951224187,L5,47.94412877345368,71.34363603611766,78.85704081211642,87.64724575245455,62.31364911695171,67.19261648117376,65.79988890607649,57.12920243042278,58.71513226357739,64.91088625066249,74.55307328341908,60.23001572605251,69.18184880964958,64.33923240839162,105.57736647541219,117.3111293401174
2002-07-31 18:34:18,2002.5776983784747,L7,,,,,,,,,,,,,,,,
2002-08-08 18:20:57,2002.5996016345305,L5,42.957130317274064,57.826167615521854,62.89379683981592,68.8219891241024,72.3717252064964,69.95924081313233,,,,,,,,,,123.28942428669117
2002-09-09 18:20:07,2002.687214658754,L5,,,,,,,,,,,,43.29072198151236,57.1202533458022,,,
2002-10-03 18:33:47,2002.752924426922,L7,38.99997431367933,54.92625106696167,59.10125667706791,35.757319962149246,,86.28693283577533,67.25824491561202,46.24065825948834,77.52021398116271,77.00186763510115,64.7947509304254,56.611447637596086,58.079898223238295,63.31564084973112,112.80888475839717,115.78211981513576
2002-10-11 18:19:06,2002.7748276829777,L5,35.32078048160059,50.95341534903296,51.38801738963445,35.75054734470354,,78.66917496252842,55.17496728887747,40.213239058861355,79.01482824715826,83.59511852339315,62.91847303937206,57.340086860957555,63.524353540560156,59.5208636913092,106.64470979742435,109.40750726206701
2002-10-27 18:18:42,2002.8186341950895,L5,,,,,,77.77149853879341,57.99725069198676,,,76.3701930286646,55.18114017242677,31.44464635211692,47.0411757330882,51.55529842569581,105.31617663369163,108.29211739327395
2002-11-20 18:34:11,2002.8843439632574,L7,,42.37771923221008,44.69615780592582,,6.946283053183113,58.36655726439832,51.272715656326895,,,41.24001482340879,46.09019690342072,35.20377850868002,35.29264344541362,49.34074308160084,97.80475026156053,85.77836439277034
2002-11-28 18:17:41,2002.9062472193132,L5,,,,,,,,,,,63.0749370381274,,24.890909987203987,43.09938693245269,114.02043954725427,109.38360135901874
2002-12-22 18:34:24,2002.971956987481,L7,,,,,,,55.30537444541136,,,,52.83609374365852,,35.60994819472711,46.29759371256326,82.81530925044295,61.53131728632959
2003-01-07 18:34:22,2003.016427442042,L7,,,20.461029965083583,,,41.788544376742884,58.397602208741006,,,,50.098080665080595,,,52.02957809496688,68.36897633393735,55.58013065828816
2003-01-15 18:18:27,2003.0383306980978,L5,,,,,,,,,,,,,,,93.40963633625566,80.43036490110481
2003-01-31 18:18:48,2003.0821372102096,L5,5.352512546787233,29.79138240901428,26.318100068536303,,14.483181787815615,30.88133580906142,37.94623861398191,7.7644903236653775,14.769687440084857,19.722820450051987,32.3974523967198,13.36766017000253,23.038135654364382,38.13138354566735,82.03907336472005,51.18843007008788
2003-02-07 18:25:07,2003.1013025592586,L5,,,,,,,66.39137224338644,,,,,,19.973215347229615,58.08084421443472,105.3109094963205,93.2865388198506
2003-02-08 18:34:43,2003.1040404662656,L7,,,48.55088944510598,,,78.04276660848677,68.73019823214486,35.557857824770466,,71.74236984159592,71.09124768738803,43.42814913350742,58.52490944636952,68.0778242513516,112.81074015121108,115.79204060778449
2003-03-04 18:19:37,2003.1697502344332,L5,,,,,,49.79517538305382,54.40009987652863,,,63.99851881140185,56.2679110742076,34.64936808340944,37.46533221946248,43.29138189392185,83.58146788349423,55.84722998991747
2003-03-27 18:26:20,2003.232722095594,L5,20.43859500582147,38.73999960377428,47.490081173239496,35.62998887567771,44.435658386719524,55.95016211194857,60.029868492521224,36.64527071120145,39.785573599093,55.96769614464173,57.51184395064875,40.52100057062067,65.8473014492836,62.08496974931244,85.16115002854605,71.54443149005763
2003-03-28 18:34:45,2003.235460002601,L7,36.86054679953815,63.78523942800449,66.51255000778595,65.96901370986807,67.65280177332934,72.89215869458995,69.34546300184117,57.85482786643612,50.703128053945484,63.518986548986405,67.85115844806187,56.15568355174816,77.27984398397273,64.75393321912179,82.7960410044119,85.788677137995
2003-04-05 18:20:24,2003.2573632586568,L5,20.424961110964382,44.74347387906909,49.799256189249434,52.493129328397124,53.557770413076135,63.835974378510535,60.680519958130596,46.430435045985895,35.92733713673032,54.88680063942373,56.90187179980117,50.43281934947189,72.90615687680858,64.23512299605432,90.31109533555744,93.28557020090231
2003-04-13 18:34:50,2003.2792665147128,L7,37.70367571978551,55.52127455219123,55.77290971252022,63.21083830261157,57.0308123097834,62.85581080780277,57.46667565470551,48.339531210406605,52.18664583442334,58.7749533504482,54.19547386504324,48.76118246466574,67.51643363438009,59.03937930330676,67.80201238679132,70.78323397081658
2003-06-15 18:28:03,2003.451754656153,L5,,,,,,,,,,,,,,,,
2003-06-24 18:22:06,2003.476395819216,L5,,,,,,,,,,,,64.24044694622484,61.99211317206785,71.59990463978279,66.50800885338762,79.9168875783685
2003-07-17 18:28:41,2003.5393676803767,L5,,,,,,,,,,,,,,,,
2003-08-11 18:22:58,2003.6078153555513,L5,33.66173070247763,47.40421974031069,60.60741674103511,,,,,,,,,,,,,
2003-09-12 18:23:32,2003.6954283797752,L5,,,,,,,,,,,,,,58.64604279131495,93.31289862633184,95.10636905368092
2003-10-14 18:23:57,2003.7830414039988,L5,20.35089206294482,48.459699540528796,51.766322942544406,-27.82205521016471,44.3874218881498,56.60224178620717,58.70891845014518,27.40430141442047,33.16305646137384,51.327632160808875,51.89371108741584,41.84495491965836,45.30001845894911,48.44939308491596,120.31404119346716,96.28589065667593
2003-10-21 18:30:14,2003.8022067530476,L5,,,,,,,,,,,,,,,,
2003-11-23 18:34:44,2003.8925576842782,L7,,,45.67513371512075,,,62.37816821981551,59.07812556175158,32.54725390540595,,,54.46652407241557,41.33928241754987,39.22650095258179,48.7259333004458,112.80671888188216,100.7747875868271
2003-12-01 18:24:35,2003.9144609403343,L5,,,,,,,,,,,,,,,,
2004-01-18 18:24:51,2004.0465444191188,L5,,,,,,,,,,,,,,,81.29569984283374,63.283552179853956
2004-02-11 18:35:11,2004.1122541872865,L7,,,57.73279297925259,,,66.74243071327383,70.97143520515979,,,64.3549256925563,,,78.94972622571223,86.21936236681205,112.81389080028958,115.78872148693056
2004-02-27 18:35:11,2004.1560606993983,L7,,,,,,75.62420472251728,69.56980564117882,44.273099293355266,,56.1170027918738,61.04277848978664,50.04158701952114,60.170264185023164,,,
2004-03-06 18:25:06,2004.1779639554543,L5,,,,,,,,,,,,,,,,78.2864019829986
2004-03-14 18:35:19,2004.19986721151,L7,,,,,,,,,,,,,,,97.98759761937697,115.79371255295699
2004-04-14 18:31:56,2004.284742328727,L5,27.005014234208236,47.690247190767636,53.894143366056326,50.63514503892186,49.75226365326112,56.62011827921264,60.67776590861244,40.50471359350621,33.818784979692346,61.93111015923948,60.99525262167033,49.03130237785805,64.81826805612994,55.572170017516015,81.3692069915666,78.29088612423163
2004-04-23 18:26:01,2004.3093834917897,L5,41.495036934279,54.553288902691456,60.85157689395808,65.64298655747344,57.202745122366196,64.72846277277763,60.68676635730352,54.21018031670398,50.744538780661486,78.30007901257994,75.33515900005527,58.33469840020371,67.8276767365099,61.0204813233189,100.01736627230437,108.28528353614632
2004-05-09 18:26:28,2004.3531900039015,L5,44.66648903742055,67.83260082238634,64.40165833371023,68.5619953837063,71.17896699246944,73.26210034432911,60.67166077040823,59.39806583561131,64.58392651808249,86.81578927980657,76.83564399836403,68.11875673434727,77.96855000297442,77.47202073188285,82.28483477532501,93.3718054978878
2004-06-01 18:33:18,2004.4161618650623,L5,26.34118665952447,41.36736144558314,55.85437296304806,35.636004219254204,41.32409875783276,41.6232296566701,41.32553307003364,29.695278321455007,42.37957500645042,50.66954550635711,46.57129242170882,43.75295874069734,39.157312897594764,42.62890668418837,60.920208569856925,63.28901626110049
2004-06-02 18:35:11,2004.4188997720692,L7,,,,,,,,,,,,,,,,
2004-09-06 18:34:46,2004.68173884474,L7,44.68720649718141,55.45046327901141,68.22672613293203,73.12369614540034,67.01598434001235,69.92689885282337,74.10443005861433,51.353410759319814,75.05224839757604,,,67.10096175183449,64.7065275141361,60.798103589303565,97.81222917163785,115.7820421420992
2004-09-14 18:29:54,2004.703642100796,L5,31.76946072118052,44.7402410091743,54.415524544016485,35.635233131088015,45.96808437728131,53.105197210216815,51.86791354125683,33.60838945281551,48.83839875643283,64.03991495762052,53.40422912400332,45.046037481018274,52.03715484667283,45.11038970489129,90.31062926464011,66.24129889428953
2004-09-21 18:36:14,2004.722807449845,L5,35.330103355478315,64.80532462913962,62.016222433604426,65.6263606305465,74.39580914293221,69.37517480407423,59.16807986831771,48.88220759921686,78.37388739841586,83.66201477223424,70.75646333060308,65.34889722666342,67.68296448301379,60.97574885295697,96.98338270497894,108.41266608220558
2004-09-22 18:34:41,2004.7255453568519,L7,31.891359557224483,67.01683315048987,63.69205562057258,80.73352303810452,67.31727320021285,,,51.58396407871337,80.78025127670924,87.20191272767411,72.01614492700404,65.25621240562246,69.8930570090316,61.72240117290601,82.81054785238233,
2004-10-24 18:34:50,2004.8131583810755,L7,,,,,,,,,,,,,,,,115.77862395594484
2004-11-01 18:30:55,2004.8350616371315,L5,,,,,36.70894560803585,56.606622398263724,56.68698948130768,,,57.99714148908237,44.26533099957582,29.466827599032506,36.44719466511015,40.768942888280975,90.31162063209642,93.2838903090301
2004-11-17 18:31:09,2004.8788681492433,L5,,,,,,,,,,,,,,72.13865688094911,132.47659379644026,110.94219100175468
2004-11-24 18:37:30,2004.8980334982923,L5,,,,,,,,,,57.1472733043329,58.34340370563472,,54.494625796583435,47.8590448124802,106.35961291585079,93.28122026043584
2004-12-03 18:31:33,2004.9226746613551,L5,,,,,,,,,,60.659988057337586,59.975113810085645,,54.07003939461108,54.52615006154427,106.48879639174454,108.28793789480284
2004-12-11 18:35:15,2004.944577917411,L7,,,,,,52.934195460022075,48.571350168357256,,,,37.895779625014235,,25.886388436334975,39.64136554484584,97.80981884839237,85.78454911707064
2004-12-19 18:31:51,2004.966481173467,L5,,,,,,,,,,,60.35560357232206,,,57.610047970374005,107.38175020763863,114.13106841584612
2005-01-12 18:35:28,2005.030116977077,L7,,,,,,49.09213946156256,53.22894748377818,,,,41.67246740628933,27.296366126460814,,,112.80884154509042,100.79306449530964
2005-01-20 18:32:15,2005.0520202331327,L5,,,,,,,,,,,,,,40.26337680674922,92.01676742464544,52.7919727117094
2005-03-01 18:35:45,2005.1615365134123,L7,33.65007181546375,53.21311183705404,55.09197170810381,37.79137946345503,58.59913748572803,72.98264613580002,68.13852139465777,49.546182968106365,,,,55.10461550258184,66.36651702773992,74.17572760878839,97.80499413947845,85.7869897851366
2005-03-25 18:33:07,2005.22724628158,L5,35.439743516393925,54.949446457956306,56.53839108422683,50.632299631421304,37.766910212702626,56.63409513451148,60.69291429868851,42.77149768294393,35.55511024232604,56.5577935978552,56.40082243900555,52.59873331414592,51.20573102190671,42.98097524351907,105.31346487832097,93.28893585658484
2005-04-10 18:33:11,2005.2710527936918,L5,24.19091562715105,40.8675604357981,46.00746105904185,50.62898326153156,50.566325035695755,56.62569245178806,60.138400714299706,42.73027229027251,42.61614325286874,49.32717627973357,48.80713386480076,38.18044814360827,44.660937353068036,43.25126460975169,90.31267293837449,81.51970689911703
2005-04-18 18:35:36,2005.2929560497478,L7,,,,,,,,,,,,61.08403500824951,69.77835854649726,69.17702141462719,,
2005-04-26 18:33:15,2005.3148593058036,L5,35.385353541070444,61.64924409632205,66.41616502245971,71.89657355280032,49.28942845430544,60.410171491399225,75.67381525788159,49.0104094595131,41.50284449011794,63.509737938476796,66.1099554502288,59.923612948162344,60.43993915931241,71.1601094449722,96.52593092007835,95.77652332258147
2005-05-20 18:35:40,2005.3805690739714,L7,42.85743019509752,55.93995070200927,54.48860906175751,62.70007797379681,53.577274035657936,61.85305227844303,55.61861342666023,49.892934019090234,,,62.00580955453015,55.591979981887164,60.88045361100506,66.05518429362604,56.844813156467254,70.79154172168626
2005-06-05 18:35:36,2005.4243755860832,L7,38.96553177516729,54.58360345766473,58.86848426889356,75.24421636471918,62.46261752558187,61.25789994230891,62.922562176698186,,,55.91462801107531,59.814240175677504,55.606729464888055,,,,
2005-06-13 18:33:36,2005.4462788421392,L5,,,,,,,,,,,,,,,,
2005-09-25 18:35:09,2005.731021170866,L7,27.17843457725524,49.50673687526452,54.84418830192778,55.82313061803187,92.88786005168598,,,50.579731511989564,77.80323258257758,85.98272383752246,67.57673899503371,59.42519918410396,69.68637330559153,62.82519608292391,67.7560276389011,55.70516948192093
2005-10-03 18:34:08,2005.752924426922,L5,20.360725980148693,47.770736615990536,49.34339914910818,20.68211100541362,91.53599419460403,68.4266939888923,60.660608954477844,43.21679902381199,69.91101723754072,73.40784064450655,52.84504713959572,44.13859323372661,45.918533773290264,44.480913350566496,124.59606974200003,109.21843626435427
2005-10-27 18:35:22,2005.8186341950895,L7,,,,,,71.42401423105211,60.70184925900763,39.220920210993995,36.181843321435906,67.22216582795375,60.844619918684934,,,53.86733241037709,82.80536438317873,85.7876391725823
2005-11-12 18:35:32,2005.8624407072014,L7,,,,,7.022455205660459,62.58880966359139,61.14045936881433,50.53601378583542,,61.13542140164258,50.36922858430499,,,,82.80458092382216,58.902391338598875
2005-11-20 18:34:37,2005.8843439632574,L5,,,,,12.347516358843006,67.097295675501,65.82259741751236,,,63.65913969722043,52.88134162336939,34.20604487449197,58.960102020456446,57.72778813462969,120.31092720593372,108.28111553926989
2005-12-14 18:35:41,2005.950053731425,L7,,,,,,,56.5368795746051,,,,49.038427614069576,,30.936491833292468,46.256436410220026,,
2006-01-15 18:35:57,2006.0383306980978,L7,,,,,,41.91819250361383,54.17899996296969,,,,50.83814309029791,,,49.983967704538415,67.80066183910932,55.97086610634204
2006-01-23 18:36:04,2006.0602339541538,L5,,,,,,,,,,,,,,58.3087733535203,106.74070052793499,108.29323613353486
2006-02-08 18:36:27,2006.1040404662656,L5,,,,,,,,,,56.43417800792657,44.06442504959901,26.05323155622387,47.018672081434545,37.919445071619165,75.86895261247196,78.2835414261036
2006-02-15 18:42:47,2006.1232058153146,L5,,,,,9.16043321386909,53.173696088355186,47.59545977599115,,6.874291627254668,60.41209359760652,50.75944886704166,24.979246992307438,47.003055925788715,48.68568431660548,105.31507497229367,63.250298939149374
2006-03-12 18:37:09,2006.1916534904892,L5,,,,,27.207263705417915,47.86191170584584,52.662632161494116,18.734042699138726,28.7022194888425,51.26009146886129,42.23001333212522,28.652996980984582,41.25744411922258,52.668199469176415,75.31386984815973,63.29240190086375
2006-05-23 18:36:08,2006.3887827949923,L7,,60.60726287274189,67.29539733074459,85.79650052898432,73.09823443759471,81.5958847778034,66.9430156172945,55.45103747808941,57.184716803061576,,,70.15528498412166,70.70782215725868,89.73109578469683,84.87608260851292,100.77534491231931
2006-06-16 18:38:40,2006.45449256316,L5,,,,,,,,,,,,,,,,93.74789002697959
2006-07-18 18:39:10,2006.5421055873837,L5,39.9259271183427,54.426197355093336,62.28739911737607,56.93492711288373,,86.1161717122738,75.68334380247559,62.86727700945344,83.39878983977825,87.43201717851169,73.05892525663256,73.82664993836275,76.15658879836165,86.04543440158814,97.95781420334247,110.17896847827564
2006-08-03 18:39:22,2006.5859120994955,L5,,,,,,,,,,,,,,,,
2006-09-20 18:39:55,2006.717331635831,L5,34.70004945627582,47.200242099535544,51.79973557622681,22.26030236666509,89.45507756946476,67.20316839693163,55.2799164259153,38.56399767932513,60.92873848669193,73.62790555850506,54.41057146412854,48.93223031902084,49.91802306846286,54.579637460581026,75.3163690529107,65.92242328223236
2006-11-15 18:36:01,2006.8706544282225,L7,-13.242392612125531,49.26140072054118,,,,83.14324373914407,69.02962600807004,34.129001554996144,,87.21856037553465,62.47272316341426,46.65252773230505,64.14104646677943,,,
2006-11-23 18:40:35,2006.8925576842782,L5,,,,,7.831436539334958,58.46439521659796,42.76731958271728,,,42.62170896802892,38.445135531877824,26.062207799388432,41.732732409380006,43.56723615192265,84.4396007226664,56.87108051817689
2006-12-01 18:36:10,2006.9144609403343,L7,,,44.93279253673543,,,79.10108511126144,71.7255398671635,,,,67.80095048447306,57.487830051917115,69.56352595139852,64.41007880533843,112.8101575565619,115.77404060732147
2006-12-17 18:36:15,2006.958267452446,L7,,,,,,,60.35783824854231,,,,52.89855654947498,,,53.163172826147395,,
2007-01-18 18:36:18,2007.0465444191188,L7,,40.07487626295498,33.3363430851226,,,52.88666552574099,53.183064131554154,,,,,,41.07907375358827,44.195798852495976,97.80144536303553,85.78080798326171
2007-02-03 18:36:26,2007.0903509312307,L7,,,35.47935400966602,,,,,,,57.23927117924332,53.10648012573412,,35.94360137072257,43.598725073130076,97.79981536426028,
2007-02-19 18:36:31,2007.1341574433425,L7,,50.84666220352743,,,,59.675252498035434,56.77115636214534,,,59.030465249505575,55.426706392692736,30.014576557900334,50.65317542998178,,,
2007-03-15 18:41:01,2007.19986721151,L5,20.906422801832573,55.06967261076254,56.742476544443,50.63711740143488,51.51135504628324,62.40970952286901,62.6338257831952,42.08980183152169,43.691927922581904,56.72527678521846,61.70125791103474,48.60810641521595,62.004218653409986,64.53645490338835,107.44988533142165,93.28167203557113
2007-03-23 18:36:36,2007.221770467566,L7,26.751628642048374,55.349972092389734,56.860176243424064,60.515577433362424,58.349623150422005,,,,50.00073211415082,65.26873005692404,,,,,,
2007-04-08 18:36:36,2007.265576979678,L7,27.933584627115295,48.78239307970955,,,61.49776246813548,63.55810886732851,68.80449351197126,56.72939248346415,54.0254563066282,57.20790039983754,69.05102949312459,50.09898115039992,,,82.81108516059804,70.77364839211145
2007-04-16 18:40:51,2007.2874802357337,L5,29.710581017900008,46.877974921048256,51.36834875584458,50.64240107603695,43.05797132759414,56.62003170724064,60.662605585557756,40.68782058200243,39.25499872901764,48.32417924562209,52.852220273175604,36.91633863861055,47.01925820182477,51.83827046207073,79.12773222103885,63.865436940195515
2007-06-11 18:36:20,2007.4408030281252,L7,,,,,,,,,,,,,,,,70.79110096179633
2007-07-13 18:36:17,2007.5284160523488,L7,,,,,,,,,,,,,,79.22221382482631,,
2007-08-29 18:45:26,2007.6570976816772,L5,34.729337398082464,58.15904135835793,65.26092298308626,56.125957256505906,74.78633543655508,71.36620731491347,62.510671835267104,58.822776109917356,58.89085979048091,62.8031149759389,60.339541267283444,42.58642387321999,46.381527847690535,43.84588311935473,105.31602507283722,93.28627785220064
2007-08-30 18:36:00,2007.6598355886842,L7,42.857738405136075,62.56207479138914,73.84757049596517,,,,72.02665569849566,56.25444560646851,66.68917958279457,69.03510978737359,61.227248100119596,54.292063264061525,62.87871995474267,62.176669689501686,,
2007-10-08 18:41:57,2007.7666139619569,L7,,,,,,,,,79.75410626219765,81.94597571165394,73.28808941537328,,,,,
2007-11-02 18:36:04,2007.8350616371315,L7,,56.05251682783568,57.3653345974727,,,73.71139390940098,68.21174717070802,,39.14725337756623,,,50.03417452577456,54.51535226962293,58.441253965590086,82.79751558912272,85.78468807398886
2007-11-18 18:36:13,2007.8788681492433,L7,,55.1088283083727,50.57060357696157,,,64.12289685473976,59.50008533194984,,,,58.2883694830713,38.277627866397005,47.026246851324046,59.69934108704033,97.81641148864787,85.78688717099034
2008-02-14 18:36:41,2008.1204679083075,L5,,,,,,58.094690484789986,60.674775083116344,,,66.398717069354,67.99540424667151,43.493165644986576,50.748200265251604,48.40580659553962,99.9393937749855,93.29037009500327
2008-03-17 18:36:02,2008.2080809325312,L5,20.390167958765723,50.95214206768317,52.48782460158573,35.629090618444735,38.70783216032582,56.606344037146066,60.68811759497213,39.95472457024447,41.66695785723673,62.96002066543528,63.55774230760588,42.712566454752235,56.094271975811196,43.25719274175845,90.3113210414094,83.03282074122022
2008-04-10 18:36:12,2008.2737907006988,L7,32.914635310641295,55.249745747920876,58.912998851638335,,,,,,,,,,,,,
2008-04-26 18:36:09,2008.3175972128106,L7,46.7074108286277,69.46533136134579,81.42053250639263,98.17739458308111,80.0257930036191,75.46425512872602,75.12449289732601,74.69177625658051,,,92.15048241581223,75.10986098238023,81.19667280767648,72.87592955002145,112.79099841813701,115.76146222870466
2008-06-21 18:33:35,2008.470920005202,L5,50.34851278486755,,,,,,,,,,,,,,,
2008-07-23 18:32:39,2008.5585330294257,L5,,,,,,,,,,,,,,,75.31601874251318,93.28949911865796
2008-09-01 18:35:06,2008.668049309705,L7,35.49014177869767,47.89235438543329,58.229435103779146,55.063080501112104,51.77112678231257,55.339479701740224,,,,,,,,,,
2008-09-25 18:30:49,2008.733759077873,L5,27.760974215987403,47.03239820424966,51.93352126378596,18.734650630691938,74.46400578078114,71.18605434016308,62.61788318365327,44.51292554213637,50.70193546773997,70.67033625931862,61.63429723569365,45.814797958920884,54.260594314046706,53.68925395867535,105.31108154091305,93.28320669371757
2008-10-10 18:40:51,2008.7748276829777,L7,,,,,,50.35595408952831,,,,,,,,59.84817213374842,51.091613602713,59.87865000573142
2008-10-11 18:30:18,2008.7775655899848,L5,,,,-36.907542621886165,38.7990068683564,52.028025899845005,58.461693528829684,30.141169824972412,42.7955750716427,50.481446448672116,58.7783024034504,40.604579153224165,49.66749585459725,45.297012884525834,106.21598448114467,96.29636367143542
2008-11-04 18:35:05,2008.8432753581524,L7,27.85985884584054,46.79471929524207,,,,48.139772614682606,53.59424944102281,23.281422000629092,24.139180633466502,42.22603509444496,52.88398076678163,39.780701819433745,,,,57.432549515054575
2008-12-06 18:35:29,2008.930888382376,L7,,,,,,,,,,60.621428417160644,69.152087851347,44.325288443618604,54.50099636444506,58.28374702662289,,
2008-12-22 18:35:38,2008.9746948944878,L7,,,,,,53.010152137940935,,,,,53.81371796527958,,9.859264311639576,39.391877794436105,97.80643457642171,100.78090459863576
2008-12-29 18:41:52,2008.9938602435368,L7,,,,,,,,,,73.56016050445167,85.31481328858636,,,,,
2009-01-07 18:35:44,2009.016427442042,L7,,,,,,,62.114662803697996,,,,67.79107523143124,,37.90642410277093,45.28917213858409,97.79757456649885,100.78882203433434
2009-01-14 18:41:57,2009.035592791091,L7,,,,,,,,,,,,,54.499265647700625,50.75822925976629,,
2009-01-15 18:31:09,2009.0383306980978,L5,,,,,,,,,,,,,,52.86547719148037,124.0744815880765,138.2834566097267
2009-01-30 18:42:01,2009.0793993032028,L7,,,,,,59.890308325564845,,,,,,,46.26968660350721,58.08215057321658,100.62390402419068,100.78631407705275
2009-01-31 18:31:35,2009.0821372102096,L5,,,,,,,,,,68.2777294184657,65.52814373458897,,28.930443132136457,56.05998166051944,105.31438618337975,115.31855871508449
2009-02-24 18:36:04,2009.1478469783774,L7,-11.9642874225445,41.484035054162746,49.15357210673479,,21.965293159815992,58.854955983447056,57.29427597889563,,,51.55121793452955,52.9435305036273,40.19163772856568,39.282858770222475,51.863339299058694,97.81546312339132,56.00947372074459
2009-03-04 18:32:22,2009.1697502344332,L5,,,,,,56.574983874110224,60.69118542646431,,44.16024730071246,71.4946685968682,68.47469866758064,,24.657778930624126,28.611038574049548,101.9156352352099,93.28758131075458
2009-03-11 18:38:43,2009.1889155834822,L5,,,,,31.62233705483495,52.93313283303219,47.6256569531994,28.02846597841761,21.123117930951707,48.75850729660896,47.33457686745229,32.191607463365315,32.4810114027206,42.82976659527347,84.30027016237992,78.2816020757264
2009-03-12 18:36:12,2009.1916534904892,L7,23.16223369101467,55.89574815184913,60.65469195646071,51.684265331972185,38.37823629044419,,,33.45639586223059,41.240029779979025,57.20898637257297,52.29272828315293,43.52377107782381,43.340550897703636,57.57761396492401,97.80446025255235,58.077499047689685
2009-03-27 18:39:04,2009.232722095594,L5,26.72550613546269,45.45271303086495,47.372190786007046,35.626136891926166,37.36561808925552,55.595416258508,53.162718136821326,40.20500334414204,34.13733376987724,51.983128367783195,54.988921695542416,40.996460285565306,49.15407708164311,53.3640907739049,90.31325440521887,93.28473711118473
2009-04-05 18:33:04,2009.2573632586568,L5,33.57963617688652,56.87778300680067,64.79910492087423,65.63311950677196,73.16962361094535,,,,,,,,,,107.1236996974699,123.29067397896446
2009-04-29 18:36:28,2009.3230730268247,L7,47.96465828335991,78.34229504175556,,,,78.92250133110075,80.3653093999194,71.13191744918268,81.04051926702812,81.17581076838704,92.53315541423432,78.06753298456248,80.47517595177612,,,
2009-05-07 18:33:41,2009.3449762828805,L5,33.82374256738256,50.072142800621236,56.47361140983751,65.63307830121403,57.07044284551215,56.61640840934286,60.16479779285154,40.42127632059507,40.852744377691934,49.57611583851185,53.428604168135536,,,,66.47296796714322,69.04543970218968
2009-08-27 18:35:34,2009.6516218676632,L5,41.68098969175107,57.50833799505238,75.7853350508737,66.53333332069512,,,,,,,,,,,112.77651295442529,123.29263913925746
2009-09-19 18:42:04,2009.714593728824,L5,,,,,,,,,,,,,,,,
2009-10-29 18:42:38,2009.8241100091036,L7,,,,,,64.64175366532889,69.7221681158995,,,,,,,,,115.7702615848442
2009-10-30 18:36:19,2009.8268479161106,L5,20.349713488284227,56.677131536323145,60.75066599963106,,41.361379891060665,65.30804446941553,75.68344470648327,,39.237446017785494,63.23030564667534,63.66359925147175,51.45021883086857,52.639965028100846,55.458277907276766,114.47731893264243,123.28665132581968
2009-11-07 18:36:35,2009.8487511721664,L7,,,,,,57.865755026236435,60.84512247556296,,,43.64745810989539,,,39.10462324305061,43.572471686770555,82.81131578370244,55.729054679380546
2009-11-15 18:36:25,2009.8706544282225,L5,,,,,16.584101096743204,46.98364206568502,56.14791299602783,,-1.2523094451921475,44.13174578391207,52.04807352853952,37.765684903921574,43.04906109556604,53.225126006394426,112.29020979886175,108.2878418392679
2009-11-23 18:36:47,2009.8925576842782,L7,,,51.96059111816869,,,62.941391953552,69.17423759955908,43.049873066941615,,,,,45.94540777142229,56.8825373667871,82.804547549334,85.78548266008502
2009-11-30 18:43:03,2009.9117230333272,L7,,55.45393878759624,,,,,,,,57.234991490690945,58.74993012005478,,,,,
2009-12-09 18:36:58,2009.93636419639,L7,,,,,,53.43146751424217,55.64519000498182,,,43.5953959457832,52.611289730055475,,,50.83881708299345,97.80722263317736,85.78906479017898
2009-12-17 18:36:42,2009.958267452446,L5,,,,,,,,,,25.970489022899166,30.344447474771002,12.518209632110882,5.260905213026014,22.021472490202438,75.30970368744133,65.12588545883517
2009-12-25 18:37:15,2009.9801707085019,L7,,,,,,,,,,66.21878340084666,65.56472851707143,,,50.85789657529775,112.81417203497452,115.78226462739842
2010-03-15 18:38:12,2010.19986721151,L7,,55.50509676918741,54.26304375707374,43.12315254158588,54.24323443869405,61.776038932374234,62.46789628531229,41.60088875210563,41.1016402366316,55.946747282825214,,,48.562030104561394,51.32577395173428,82.80709132953847,70.78285523785051
2010-03-23 18:37:00,2010.221770467566,L5,,,,,,,,,,,,,,,,
2010-04-08 18:36:59,2010.265576979678,L5,29.279348600147138,48.19501112575806,50.286109575297175,50.63560169726973,45.74472379178724,56.61943351458728,60.68017076083222,45.018960626014376,44.439879784193394,56.0720162802566,61.40041731141644,45.84514047161754,55.98120188447619,49.13711167076803,84.23873964920624,68.59130677464287
2010-04-16 18:38:17,2010.2874802357337,L7,42.88568905493512,68.89013809254772,74.14615195029833,,,63.285801831750454,66.74843550023198,50.59417718475812,41.627125834292684,57.80901491432557,62.715045586405935,56.64109198493951,52.079652227207234,,,
2010-04-24 18:36:55,2010.3093834917897,L5,,,,,,,,,,,,,,,,
2010-05-02 18:38:15,2010.3312867478455,L7,,,,,,,,,,,,,,,,
2010-05-26 18:36:48,2010.3969965160134,L5,40.37371455224334,49.58234266611656,52.12688951593492,57.549052429930306,51.39068961901628,47.34662588959915,50.36246241400876,43.05681529574502,47.45671902539482,52.72161968887762,46.52498091901815,43.3356150726199,47.694875757105684,43.63619497736542,77.94179639112741,78.28482263310872
2010-06-11 18:36:43,2010.4408030281252,L5,,,,,,57.72467085051904,56.26659305055537,,,,,,,,,
2010-06-27 18:36:38,2010.484609540237,L5,,,,,,,,,,,,49.146345282956574,54.95156373343188,53.201817754927475,90.31281175193847,108.2873594001975
2010-08-22 18:38:19,2010.6379323326282,L7,46.17286601010618,59.39113982658315,58.86392088068965,,,82.79354589461369,63.97902902147482,51.292506452871166,73.78557013956363,81.6009271109412,65.98175360280352,56.90617240922279,62.38727696830957,,,
2010-09-23 18:38:21,2010.7255453568519,L7,46.576819931781365,61.36591864604159,65.53928712208615,60.23509870940348,94.7175286393631,91.16010153618045,69.4254903659737,50.588572661784184,66.19025897123356,,,55.488927887686785,70.9685970202647,80.30357165756189,97.80067090186505,130.7920974129165
2010-10-25 18:38:33,2010.8131583810755,L7,,,51.63190773852172,,52.58937772012897,57.26478086680638,54.38300262882457,35.60741414026804,,42.233888467285176,,,,51.99732310689892,67.80635496683502,50.984309949405294
2010-11-01 18:44:47,2010.8323237301245,L7,42.81815862856696,53.782518867816336,62.07296845132323,,,,,,,88.28982415241009,71.12962519259237,50.03515492931416,64.20313300660315,65.85269579261104,68.38927830970643,
2010-11-10 18:38:44,2010.8569648931873,L7,57.81643572857577,55.47462580421845,,,3.855978511576936,,,,,51.22189290122546,52.89208552254903,41.02989352196357,46.45113792612792,50.85156992799785,97.81440402890968,85.78329760766233
2010-11-25 18:42:03,2010.8980334982923,L5,,,,,,,,,,,,,,,50.90953980598355,27.82885700536319
2010-11-26 18:38:56,2010.900771405299,L7,,,,,,60.44406537513625,75.16639893852934,65.54256075070747,,28.670737419838783,65.55802737699126,39.51051650280958,,,98.37889982207678,100.77681397770762
2010-12-12 18:39:04,2010.944577917411,L7,,,53.67363786202605,,,79.13893007688918,68.21624516418277,,,,72.19892150213208,,49.52971541945705,,,
2010-12-27 18:42:09,2010.985646522516,L5,,,,,,,,,,,,,,,,
2011-01-04 18:45:27,2011.0082137210209,L7,,,71.42934291598894,118.1748855145993,,,,,,,,70.71141791033841,,,67.81317172006146,55.78763290673272
2011-01-05 18:36:00,2011.010951628028,L5,,,,,,,,,,,,,30.0127954745452,38.72047195246785,109.29293158014565,93.28862024565547
2011-01-20 18:45:35,2011.0520202331327,L7,,,,,,,59.189414218630475,,,,,,,,,
2011-01-21 18:36:00,2011.0547581401397,L5,,,,,,,,,,,,,17.004455165143177,28.24360798960358,92.13332680461438,53.34180627796855
2011-02-05 18:45:40,2011.0958267452445,L7,,,87.45540594582629,118.13389717794101,,46.512551198626106,38.18407464558403,,,,,,,,,115.76808662080482
2011-02-06 18:36:02,2011.0985646522515,L5,,,,,,,60.189621512703376,,,,,,35.99166514513909,52.557811916727715,105.31613837651648,94.68148720244697
2011-04-03 18:39:41,2011.251887444643,L7,34.5595109999707,60.565395970387875,58.91444173559153,67.1972424754851,51.96946754294341,62.45582892942292,59.6400629803482,50.60428732269308,,,57.26079974685247,47.02106031223669,46.99421304437369,58.3167794595696,67.79901077323034,70.78524337680221
2011-04-11 18:35:51,2011.2737907006988,L5,35.395734226157984,61.86510560991998,64.48977527014246,80.62907351804935,62.28683246526192,71.68221450295529,74.97827523778311,71.08227279914048,70.6044346702149,79.67143066141657,76.78702938945158,62.05499490389258,73.25045717427876,79.06715203289617,106.4136812289878,93.28453772761463
2011-04-26 18:45:52,2011.3148593058036,L7,,,,,,76.00331824353805,73.25380045638126,65.63362816378849,,,,,,,,
2011-04-27 18:35:43,2011.3175972128106,L5,,,,,,71.52138175149256,65.83807715153286,58.387316901582345,76.16104095325309,85.14008115027737,70.92625637049142,60.25022222845992,70.65095910543072,74.63970536886931,97.15710130453203,93.28861677150404
2011-05-05 18:39:41,2011.3395004688666,L7,,,,,,,,,,,,,,,,
2011-05-12 18:45:50,2011.3586658179156,L7,,,,,,,,,,,,,,,,
2011-05-29 18:35:34,2011.4052102370342,L5,32.8930056064662,44.82812238318381,51.47076932248753,54.09836348218406,55.667971721506525,58.116599414310066,60.68081028268811,48.65424108002817,47.64478900478444,51.271850798279075,48.789819816719955,43.15165277777732,46.57512429450975,47.855586100285336,69.48014688349805,63.28734625566489
2011-06-14 18:35:24,2011.449016749146,L5,,,,,,,,,,,,,,,,
2011-06-21 18:41:32,2011.468182098195,L5,,,,,,,,,,,,,,,,
2011-07-08 18:39:36,2011.5147265173139,L7,,,,,,,,,,,,,,,,
2011-09-18 18:34:31,2011.711855821817,L5,34.32434499145438,55.285895641403755,58.34566899471033,50.67034957821105,,,62.68604065100175,43.741864686243986,76.57488565804451,89.91958980512416,66.82711914369855,56.53733116682592,69.86691718735216,75.13972610888487,97.0427014058804,108.87403762793467
2011-09-26 18:39:19,2011.733759077873,L7,,45.20682849449118,43.86549826614921,-7.626432542001812,64.60549864852815,63.96097827422288,53.188367506906076,20.604818290139544,39.65671577450238,,,33.74918362459471,46.644512718541456,49.21951023224699,97.80309668617899,100.785241062395
2011-10-12 18:39:18,2011.7775655899848,L7,42.93598900765844,47.837429988346805,51.03009998176023,-31.961588912074962,51.95613488385617,69.71880920278338,60.36609186595672,50.601339124594354,,,,44.71027497192169,46.23187555700391,47.81850440834136,67.79770181540869,70.78928583087635
2011-10-28 18:39:26,2011.8213721020966,L7,42.8216874324195,49.19113497691342,,,51.93434514591719,59.93082008256089,68.20359646089025,35.6070023591523,36.22605698138671,56.01609921451606,52.84904861419818,35.023619457597434,,,,115.78868121719394
2011-11-04 18:45:40,2011.8405374511456,L7,,,,,,79.93040760761946,67.57520295708406,53.637401734503214,,69.15130271861949,,,,,,85.77643587735851
2011-11-13 18:39:37,2011.8651786142084,L7,27.8150543500987,27.860162153653967,38.759109429583845,,33.526600484755676,56.4212544504935,49.575106965117314,,,,38.930285464341395,26.884188139557708,26.267792400699236,42.63431267980501,82.8060165975958,85.78066552141233
2011-12-06 18:46:01,2011.9281504753692,L7,,,,,,,,,,64.5215681057143,66.68708935598696,,,,,
2011-12-31 18:40:04,2011.9965981505438,L7,,,,,,,72.75657026090764,50.57627784347686,,,,,,57.438305605895636,97.80536863922524,100.79291560659658
2012-01-16 18:40:05,2012.0410686051048,L7,,,,,,,71.03877770241436,,,,76.6076091326042,43.3948444024179,,,112.81217537394201,100.77190891908289
2012-03-04 18:40:10,2012.1724881414402,L7,5.930669582481623,55.47245288336653,56.6862683499382,,37.86733373355362,77.90017666753118,74.38706007386754,55.06616143491141,,,67.8792601839756,50.02293016670732,53.449636014664286,62.518755052933976,112.80314548169056,115.78323037946437
2012-04-05 18:40:09,2012.2601011656639,L7,39.62564622183588,54.38692995615699,,,45.01788739970607,54.88024966216504,53.39265925346722,38.865788609125055,40.43395558947634,48.790316340239265,48.78617187693894,41.7901542459277,,,67.80022301872015,70.78307063987789
2012-04-21 18:40:16,2012.3039076777757,L7,,,,,,,,,,,,,,,,
2012-05-07 18:40:41,2012.3477141898875,L7,,,,,,,,,,,,,,,,
2012-05-23 18:40:41,2012.3915207019993,L7,,,,,,,,,,54.0010847114993,60.12199975713274,50.247327885170144,44.74458883815392,51.00711272580497,82.81394163932904,70.76865510171054
2012-06-08 18:40:25,2012.435327214111,L7,,,,,,,,,,,,,,,,
2012-06-24 18:40:33,2012.479133726223,L7,,,,85.99061998776283,66.93180612983093,,,,,,,,,,,
2012-10-30 18:41:55,2012.8295858231174,L7,,,,,,,68.21116567850814,,,64.29083595283433,,,50.103692190898975,49.07152331769392,112.81430074091303,100.78078134629673
2012-11-06 18:48:05,2012.8487511721664,L7,,,,,,60.28969489561998,55.362008911996305,,,67.73188355608079,,,,,,
2012-11-22 18:48:14,2012.8925576842782,L7,,,,,,,,,,34.73333562290373,,,,,,
2012-12-08 18:48:16,2012.93636419639,L7,,,,,,66.64348902172796,54.29104987694739,,,,,,,,97.80216795522385,100.77652752111298
2012-12-24 18:48:24,2012.9801707085019,L7,,,,,,,,,,,,,,,,-10.747491301254101
2013-01-02 18:42:14,2013.002737907007,L7,,,,,,,,,,,60.32818130806031,,40.73693740367267,50.73882780499307,97.80630928535916,100.79300585392795
2013-01-18 18:42:14,2013.0465444191188,L7,,,,,,,68.72139228050611,62.095968437485055,,75.3616037030512,81.03298396972922,,54.36552009209699,68.67553007064157,,
2013-02-26 18:48:23,2013.1533227923915,L7,,,,,,,,,,44.856847428018185,,,,,,
2013-03-23 18:42:08,2013.221770467566,L7,,,,,,,,,,,,45.1545371794756,,,,
2013-04-08 18:42:06,2013.265576979678,L7,,,53.387945235148585,58.43070790229262,51.903081053364744,62.395294771652054,59.67071219645552,50.576514768508176,47.454961060910875,52.59231662409498,,,49.79677453158532,58.03623170268837,82.80639054732534,70.7933577110168
2013-04-09 18:46:34,2013.268314886685,L8,44.851527204052765,56.04112606252778,58.08451229712175,71.98047034968296,58.714282811283354,63.46724558620359,66.87298260054362,51.281142659836085,52.47881060762958,61.90937856984225,60.96395612480859,55.402147211974544,59.66676284711953,64.6579751608671,82.81104703757323,85.78011893340658
2013-04-16 18:47:53,2013.2874802357337,L8,52.45913263313949,63.500479484726384,68.23535874808476,90.5548069230763,82.70381274343093,73.13297862542464,72.52023199422896,63.239546841473825,64.17091783496677,67.5962048710374,72.49061501373946,65.62055663469641,60.147853745546534,68.89134681559088,97.80676675650744,100.79039616626615
2013-06-26 18:54:12,2013.48187163323,L8,,,,-31.830391859709422,21.42560064962082,4.12965935241866,,,13.958868873039819,16.991512823870956,2.3971146294624384,,,5.804487172711809,8.067543812222365,10.854783586869015
2013-07-12 18:54:14,2013.5256781453418,L8,,,,,,,,,,,,,,,,
2013-07-13 18:41:28,2013.5284160523488,L7,,,,,,,,,,,,,,,,
2013-08-13 18:54:15,2013.6132911695654,L8,74.51442263597322,66.65536270971475,69.2555659431601,61.990264195987706,111.89558822646607,,71.93200679549223,65.63303008651896,90.52531662377359,96.41281681383765,87.4168721756105,81.43302495683163,85.86968447709008,94.61611561042633,112.81141747555175,130.77870980412445
2013-09-06 18:47:48,2013.6790009377332,L7,30.11917288913448,50.278412609494055,55.69638321521993,42.151246749371765,,,,,,,67.46767196542172,56.36126660864076,65.68927915120842,64.3612205128853,82.80446338537348,85.78443844834175
2013-09-07 18:48:06,2013.68173884474,L8,49.297992247409546,55.483613527558276,58.86507853135973,67.70006005612908,,86.33686723909824,67.15934810169139,52.85076927524823,81.23806133219752,85.67519718015147,66.78095093396509,60.55064589754923,63.320200808878944,63.47872577761655,102.4045233518723,100.78566790831418
2013-09-15 18:41:43,2013.703642100796,L7,52.200015246726714,59.046292534248245,73.87116995670642,58.07466800821756,,,70.7050924249613,,,93.44933221662188,72.75739587250224,66.9692408142692,72.07792259063713,80.77610132799617,112.81422668670699,115.76254194328978
2013-09-23 18:47:58,2013.7255453568519,L8,44.22735357669956,57.13945360292121,58.61054457763851,65.86323325980676,,89.671889402621,69.30547906637364,50.609662951615185,76.66831718631343,87.82811161603018,61.13345515935384,55.200488479666674,59.58678747744571,61.54488240651139,97.79809713103366,100.78808134482412
2013-10-01 18:41:53,2013.7474486129079,L7,42.835799613126454,48.91920791103668,,,67.2033499228551,63.45375302467771,52.75834129895357,35.60704717459724,51.223897171311386,61.19450087483139,54.12585154957546,48.321691737593554,,,82.81539230779912,70.77204250874432
2013-10-09 18:47:57,2013.7693518689637,L8,40.22906393158711,54.19350550655428,57.74384940027984,50.922315929947025,69.53755942874304,61.977965817171615,58.351089670833005,51.216848571868496,53.6612724424938,55.54535647923829,48.52446743154793,49.9549072640897,45.927267931963186,52.216029787027395,82.81460774279127,70.78193072569725
2013-10-17 18:42:06,2013.7912551250197,L7,,,60.18658435611918,-1.7585585208144439,76.60972941108884,61.038174479713135,64.54143705888006,37.83097282001799,51.111759682022495,72.04443633244884,57.3562457212909,,,55.656720732217984,112.81351079919452,100.78108254812118
2013-10-25 18:47:49,2013.8131583810755,L8,57.81668738431293,60.06140878584109,60.414488390075086,23.787137361541305,,,75.78926610493417,51.953252987772665,79.6377187585851,89.22109606698771,67.46795785662557,57.29775135289065,65.36857568097305,64.95499989240163,97.80440052071306,100.78561134519038
2013-11-01 18:53:59,2013.8323237301245,L8,,,,13.224938055765824,96.93458817881609,89.84446418499277,71.87429989501018,60.75496536264744,71.77931224064831,81.32918886741027,65.42427813283672,57.34788232958881,64.00735593510423,69.33959971390811,112.80374034861735,115.79154897228467
2013-11-09 18:48:25,2013.8542269861805,L7,,64.94318620987845,,,,91.5137054539548,70.84180629943415,,,,,52.09614974640657,66.3090584505441,67.89200877210901,97.80643287023595,100.7926749897055
2013-11-25 18:48:30,2013.8980334982923,L7,42.820957326853055,74.35548387490806,59.36288664848759,,,,,,,,87.6385140711383,80.01157812317895,86.13481581834533,93.79052801358854,112.80170716941458,130.7810140728142
2013-12-04 18:42:24,2013.9226746613551,L7,,40.4753478519975,41.48577221488366,,,57.98664043375391,58.487577240797364,,,,,33.64725296104363,36.31339392896209,44.77741427749123,97.80671775156654,70.17133445524964
2013-12-11 18:48:36,2013.9418400104041,L7,,,,,,,,,,,,,60.093144653479925,65.7724350182134,,
2013-12-12 18:47:38,2013.944577917411,L8,,,58.993198726970334,,,88.9959766407786,83.23726040983156,,,88.40697542683469,73.80371938389155,53.37756603007264,60.65317311077101,65.63032692332027,127.79990359851618,145.79341804762126
2013-12-20 18:42:25,2013.966481173467,L7,,38.18921243124993,,,,54.91692574650616,58.852436000953986,,,52.33657898995568,48.49125654732203,,39.46884379297926,48.25591062113327,112.81511071667121,100.78781954151053
2013-12-28 18:47:30,2013.9883844295227,L8,,,,,,74.29007389582456,71.69231194015839,50.585943997087774,,72.20699698635771,61.78955385382677,,51.0561108256928,59.05880533640372,112.81027178805995,85.77229215941426
2014-01-05 18:42:31,2014.010951628028,L7,,,,,,,,,,84.57984047083525,56.828236625236514,,41.640584003472625,50.85425878875282,127.81501460478822,115.77738458735716
2014-01-13 18:47:15,2014.032854884084,L8,,,,,,61.13994805316794,62.1561261971264,50.53888854482292,,58.63997170241626,58.68023035701906,,47.158988100367466,56.215073380752074,97.80638860447158,85.77235310102624
2014-02-22 18:42:47,2014.1423711643633,L7,,,,,,,,,,,,,,,,
2014-03-01 18:49:00,2014.1615365134123,L7,1.9734447312857648,45.637868120367784,47.13699749457053,,,,,,13.592614208953853,45.77696819902265,46.43841336062239,,46.004878799811934,44.41278667547252,,
2014-03-10 18:42:53,2014.1861776764752,L7,42.83380620112061,62.73512985251089,58.92931416475386,61.66667134001394,57.81879464100679,72.73256232499237,,,41.1838527184036,72.24019715571777,70.31568303563327,55.33091120533429,65.12424464951366,79.28500115303315,97.81093548080489,85.77818908728658
2014-03-17 18:49:08,2014.2053430255241,L7,110.56101303681277,,50.658264451643426,,,,,,,49.88286024229927,46.908629599084954,37.988601345198745,45.51901140865569,55.935748046541164,67.79527449157932,45.03919187598501
2014-03-18 18:46:32,2014.2080809325312,L8,42.88488534799164,55.477356041402324,53.00867141828522,56.858502046859805,51.895852124568016,57.41557584249085,68.20926763456958,48.238685490254454,42.59869945971623,52.810295259356096,58.85846816662013,50.51486155457641,51.868930441904354,56.342825923348194,82.80498487108274,70.78823444991264
2014-04-02 18:49:14,2014.249149537636,L7,,,,,,66.64211985636973,69.51755628162532,52.86679928838309,,60.37086337499669,65.67377845842105,,,,,
2014-04-03 18:46:16,2014.251887444643,L8,47.733290652343634,60.07334758876051,64.9754744503252,78.47122136056436,66.92263624572192,65.86269445094212,70.8526465294434,62.884160681248545,71.14103383084769,62.13690082314672,72.76558273831951,56.674772774489206,68.47387300848388,73.16836785242431,112.81281643278344,100.78501795416557
2014-04-19 18:45:59,2014.2956939567548,L8,49.96950492838735,57.40000303924927,62.37414125637106,79.53440742784406,68.77556975411584,79.12266850895801,69.36046359760515,57.73616933398496,80.78836863417764,80.18111385270562,77.64031378445277,65.0190702269181,83.2238161263461,75.85768576846307,97.7965016007186,100.79035520995683
2014-05-13 18:43:23,2014.3614037249224,L7,42.86785662261075,59.232917253853515,77.54294607406764,98.53106955969565,85.76007540079318,66.93972130491589,80.42573494124498,,,60.700855822965934,60.16504944831149,53.99869716986288,62.565265325183816,65.8627375521129,112.80475875931688,100.77715148050865
2014-05-28 18:51:49,2014.4024723300274,L8,42.84959770049843,56.167527946644974,60.64604041081951,65.34711894104282,63.35902406470483,62.95413958891659,57.147569311893804,50.676414894173554,56.79010497356468,56.93514081522968,58.09469282806372,53.60159649882414,54.51482573007697,55.09141239475503,82.81255992246075,100.79085241555315
2014-05-29 18:43:27,2014.4052102370342,L7,,,,,,,,,,,,,,,,
2014-06-13 18:51:57,2014.4462788421392,L8,42.8484615008839,55.631095011927854,58.85697600240525,66.6829698568331,69.53274753238605,58.283862689018704,55.6320389326705,50.86997405942802,67.88455537169395,57.26577172442564,55.96431235089313,52.29155816062507,50.41059236813457,57.6451029867872,52.75376535503207,70.78934824885052
2014-06-14 18:43:28,2014.449016749146,L7,30.058145691794017,41.144966959514775,49.95431959769311,57.15655983230299,,,,,,,,,,,,
2014-06-29 18:52:00,2014.490085354251,L8,42.855414926326816,55.74602282875267,61.05858634616097,62.82060510664839,79.29202181424245,63.58168482441971,57.98895462664573,53.11440777449395,66.86687422975834,60.64463848398617,57.431106418908584,53.25239780458503,50.22486551215955,59.462925162157134,58.236965794731404,70.78736940732773
2014-06-30 18:43:34,2014.4928232612579,L7,42.81672292106591,50.83628369746746,58.46350051920585,73.16933793705593,95.03578866587931,78.18906835922846,,,,70.72247897010891,59.195109582347186,54.87748918830525,60.05070975267985,62.84458618432048,82.80044605669154,100.78085010350627
2014-07-15 18:52:07,2014.5338918663629,L8,,,,103.2215752734129,95.0379903917048,,,,,,,,,,,
2014-07-16 18:43:35,2014.5366297733697,L7,51.31366030614412,61.75068515739932,66.19325745729347,85.55615747106447,,,,,79.11543165929281,82.70534341555722,64.9337097642258,57.35957120978029,67.55231295837382,72.56691241621199,97.80010897185285,115.78029303111293
2014-07-24 18:45:57,2014.5585330294257,L8,50.628423792613894,56.16119115296173,58.88430094385263,78.911258007841,96.89744562244346,90.40285581416829,67.10031892789867,58.720776945909506,82.63311133630506,81.85481870876234,65.41738584537441,56.82185034963837,65.68872377947471,68.51236968634578,97.81515064038479,85.78127174476666
2014-07-31 18:52:13,2014.5776983784747,L8,,,,,,,,,,,,,,,,
2014-08-24 18:49:52,2014.6434081466423,L7,43.99267469177774,56.0111754412694,58.534144214057335,42.79019380974911,,94.43012573824328,,,,,,57.71884879311227,69.21624135165115,66.49171236124423,67.76138345142647,85.7770972958648
2014-09-01 18:52:21,2014.6653114026983,L8,46.8497945241469,62.144237876260426,61.90380829672675,58.425029011389626,,,70.03397204508094,62.42575759383481,84.95438541371252,91.30287028406596,73.7128707320382,72.01765027532679,75.91911882331723,88.1859597576948,69.1283022822166,100.77625604907719
2014-09-17 18:52:23,2014.7091179148101,L8,71.00448403776349,75.29800767909556,65.0087112643125,61.346006670230864,,,79.91381913522908,59.90221607260326,84.93183913531229,95.00499459616984,83.71254816292527,70.73933480118501,75.98935056878014,,91.59340481292779,100.79363155808215
2014-09-25 18:50:01,2014.731021170866,L7,57.81842885424858,59.23408902970964,61.204547721751766,53.829142370234955,66.77843361379297,62.19553517556201,,,,,54.46024665578305,55.51809526021826,61.41657726106159,57.81784964241265,52.7614726879196,49.30502706531493
2014-10-03 18:52:26,2014.752924426922,L8,42.880047025630965,63.900871016153495,64.26518958153042,87.47547570082929,,92.56352614015833,83.21102895775542,63.69349761248711,83.3857007892079,88.02983995916173,75.07680181313172,70.94562069116974,84.47172534153702,79.98366015288184,112.81506450400664,100.771623112685
2014-10-12 18:46:17,2014.7775655899848,L8,24.27932733758996,50.8650522252885,55.436411752956985,46.92186606060301,53.45114371977682,61.59922591828409,,,,,,,,,,
2014-10-19 18:52:29,2014.7967309390338,L8,,,,,,,,,,,,52.06236831359169,55.73162998900963,69.83106272312676,82.80713789708811,85.78329469596311
2014-10-28 18:46:14,2014.8213721020966,L8,57.81986841166926,58.042483576557274,55.54103889377119,-46.77743872458836,53.60968029589424,63.94177054299642,70.09466983105011,50.5869129219637,44.454358102843315,63.96687721266755,59.49382603464028,46.1016299344168,53.37769348412441,54.95370989456097,112.81160094858622,100.78450517996785
2014-11-04 18:52:28,2014.8405374511456,L8,57.832838753308415,63.27508034387662,64.22467401842353,,59.7993772732389,70.2273176916415,67.96920922057724,53.23383698069605,55.57180119233162,62.7825587707258,62.3834958940107,54.91883345800476,60.49852670937221,60.00801821129569,97.81422196291031,100.78983853201731
2014-11-05 18:44:18,2014.8432753581524,L7,48.36106659503834,53.93473019746277,57.57407380507623,,,,,,40.274167484940754,57.21958148435766,61.26605149078736,47.906739049573844,48.79983964247862,54.679254047816904,,
2014-11-28 18:50:36,2014.9062472193132,L7,,,,,,68.80555698083327,64.87325668988434,,,,,,,52.40086122284465,97.80781640552541,85.78201120105
2014-11-29 18:46:16,2014.9089851263202,L8,,,,,,,,,,,,,,,67.80480794120881,100.78730446729567
2014-12-06 18:52:24,2014.9281504753692,L8,30.396156492229174,24.108751435775844,28.894761207797792,-1.829581795933482,51.97455678535731,64.16875476700761,,,,,54.12604167629302,,,,41.17620830580626,116.5694903818664
2014-12-23 18:44:36,2014.9746948944878,L7,,,,,,59.27477539258983,62.022843274859824,,,,,,39.4717483777326,46.51418777915838,97.79794176739082,85.79136383317456
2014-12-30 18:50:45,2014.9938602435368,L7,,,,,,66.06908895160348,69.05471602653476,,,,,,,54.25647442641051,112.7935276283283,130.79211260410628
2014-12-31 18:46:05,2014.9965981505438,L8,,,,,,64.12039051814827,77.63932921948786,54.73431600878183,,65.14223309645888,69.56028037017919,,60.62251958196339,61.4936905112536,127.81025970780006,130.78557453264045
2015-01-07 18:52:18,2015.016427442042,L8,,,,,,,,,,59.75950765462399,54.604162274138375,,52.40859074971979,55.825446872024145,112.79111585283239,101.79912961399579
2015-01-23 18:52:12,2015.0602339541538,L8,,,61.11824551512664,,,63.60666762741266,61.98903460152539,50.58089482876121,,55.005822491415756,60.12974418813204,55.18213119839882,48.10034793639822,60.238880296572106,112.8065166739965,85.78276396635174
2015-01-24 18:44:40,2015.0629718611608,L7,,,,,,64.10919267755456,68.17788548739249,,,57.22633531381472,,,,52.913985188229866,97.79227108489286,85.77482889299412
2015-01-31 18:50:55,2015.0821372102096,L7,,,,,,,,,,87.23549350895635,,,,,,
2015-02-09 18:44:46,2015.1067783732726,L7,,,,,,,,,,,,,,,,
2015-02-25 18:44:54,2015.1505848853844,L7,14.276945948025913,57.35983625636347,64.21181104776325,,37.53509717452991,,,,54.28819115852711,72.23544271903677,74.76557858259142,59.90269601832505,84.45942196431479,80.7735098700589,112.7993078410896,100.77885978447877
2015-03-04 18:51:08,2015.1697502344332,L7,20.990715542084505,53.307598878735064,50.53879188064777,80.5183312096914,,,,,40.03636556799614,51.12120748619262,54.14548097276902,42.146850533077384,55.75794831589402,50.77997401590122,,
2015-03-05 18:45:47,2015.1724881414402,L8,42.81850603912616,58.63037321990432,57.60976691461022,-31.818130514024315,45.11114777671679,64.14119904352445,68.1772245082363,50.57787479354534,41.25737623670517,50.96287297953707,59.83567685648247,51.89993738511542,62.96571534900765,52.38856370025763,100.60637496908805,115.79081862425143
2015-03-21 18:45:38,2015.216294653552,L8,37.68758403535266,55.48191725241016,58.82277190879477,56.671354617009484,44.24357897941067,57.89422713213926,63.85684954726179,50.576129283936105,47.46770064175902,52.82592533376133,57.08495688248023,48.20505263034712,57.639144608782615,58.79046545532616,97.81619115634939,55.72862454845354
2015-03-29 18:45:08,2015.238197909608,L7,,,,,,,,,,,,,,,,
2015-04-14 18:45:17,2015.2820044217199,L7,39.67147368138931,55.50298857935234,57.3540094227447,76.10733965993862,,,71.47694752281382,61.17025022024832,61.14491137648254,73.1112650767968,71.68821665459363,61.839846020563144,74.75262955153636,95.0558438440295,,
2015-04-30 18:45:23,2015.3258109338317,L7,39.52007032261622,49.69101841265853,54.89712289222189,68.56966596947409,,,,,,,,,,,,
2015-05-08 18:45:09,2015.3477141898875,L8,,,,,,,,,,,,,,,,
2015-05-15 18:51:16,2015.3668795389365,L8,,,82.24736888709583,,,,,,,,,,,,,
2015-06-16 18:51:33,2015.45449256316,L8,,,,,,,,73.79086081754008,,,,,67.52546825078574,65.82919325644822,22.708079726827552,106.886879947433
2015-06-25 18:45:24,2015.479133726223,L8,53.19584410791027,59.878084988705766,67.66175077503374,88.68029273463989,,,,,,,,,,,,100.78894314182291
2015-07-11 18:45:35,2015.5229402383347,L8,62.83015499140142,75.0306647127149,73.8421683005293,92.88188102029434,,,80.85059188097298,65.88910529763307,,,,,,,,
2015-07-18 18:51:49,2015.5421055873837,L8,42.847164012333714,57.15653307078939,56.168611844371824,67.37664732692923,,94.05693321769813,65.0443871097676,52.13377570541517,78.54931659719378,87.42429972239303,64.09162049296063,64.92551691342514,86.56461469740049,,82.77028420703522,100.77663854893115
2015-07-27 18:45:41,2015.5667467504466,L8,45.81199419538056,55.782987019725866,58.83032056164636,58.18600804522855,,,,,,,,,,,78.11396172623107,85.77939880494478
2015-08-03 18:51:52,2015.5859120994955,L8,27.865231979521297,50.2120900068869,55.13323629931081,74.90489263965192,80.89321622683421,66.02001154073214,62.40691748288971,54.362878514212326,66.16585229387621,87.21627374175728,61.91912666263561,51.78667224422985,58.31929639907876,,112.80725977433146,100.78242681247174
2015-08-12 18:45:45,2015.6105532625584,L8,57.224871170231275,67.83231159681665,78.74489746340275,73.18656619514992,,,84.4815359419443,72.33927725522281,,,,,,,104.55200176288665,130.78919410228073
2015-08-27 18:52:06,2015.6516218676632,L7,32.894342530808466,56.74619915872031,,,,,,70.62302839650015,,,89.10039786159402,90.54229335099824,85.37453474976387,,,
2015-09-04 18:52:05,2015.6735251237192,L8,42.874254659943496,60.96707005947965,58.83988640808194,69.39887759927095,,,68.32303223074848,57.64508907232083,81.26840821749337,92.97348095511595,73.9426167038111,80.00721837438056,84.64449125212323,90.0187277604357,68.2475820032019,85.7921153407283
2015-09-05 18:45:56,2015.6762630307262,L7,42.92642152410746,58.308853051482494,,,,,,,,,,,,,,
2015-09-18 19:04:12,2015.711855821817,S2,47.04277802729092,61.71590422072451,61.057155672988266,52.9939237862867,114.39082228388278,95.81582843438264,64.64079101794465,57.16474025231111,88.5183870107424,94.004086127345,75.39852018743593,80.38429077652617,88.33155949469472,89.55089076584359,105.31494783538601,93.52371463482582
2015-09-20 18:52:13,2015.717331635831,L8,43.27558685215839,61.41567869123419,64.16026738582445,60.97499966480963,,,71.40873051079129,64.82672631287018,96.37267227959799,97.68773706639091,82.34693687744647,86.75313520520095,94.18649575162053,,82.76943946628568,100.8168291152707
2015-09-21 18:46:02,2015.720069542838,L7,30.30809836410596,54.964374446656045,65.23587111078616,59.89311125677343,,,,,,,,,,,,
2015-10-06 18:52:16,2015.7611381479428,L8,44.31267002527508,66.97335885886972,80.09164989405403,64.66479445477333,,,72.04290207997798,66.47444310702436,96.24838894455053,,82.89569547667475,80.03374726742973,84.47884420446495,87.95343072345356,112.81389213301658,130.7845668677654
2015-10-22 18:52:19,2015.8049446600546,L8,42.81479288853683,56.445775831920955,58.91919198539301,5.726034084701642,,92.76046866640195,66.50165670876737,,57.39796686537373,82.05910670945076,61.35957873523556,55.50069767289431,63.86976514927039,75.08507375426898,68.65856641470462,70.78237549768056
2015-10-30 18:52:41,2015.8268479161106,L7,27.826837335335192,45.67391102301752,,,,,,35.57865090798128,41.90772507063598,58.53622738867987,48.52916030185277,44.31455110354315,,,,
2015-10-31 18:46:11,2015.8295858231174,L8,57.82451109414235,58.684434996381945,58.81237265675196,,,70.18658165651338,64.34247242342883,50.59675023342801,44.46158545581989,62.73394552580587,59.959185981932535,54.579598590955776,55.65622091450106,62.501459162130686,97.81198390065174,55.7295193781855
2015-11-07 18:52:22,2015.8487511721664,L8,57.817283562534975,63.95483409182528,66.00387194599193,,90.69526545469401,79.08899154058696,76.80928277789211,52.62944636547104,75.7223882790225,70.13736943726083,65.32046478388379,59.32927366927724,69.38856613172142,72.49277031174064,112.8077472279273,100.77509600708979
2015-11-15 18:52:58,2015.8706544282225,L7,42.82063708264032,54.95609878472786,55.90108963080014,,,,,,,52.96025134845229,54.09938235665529,44.77131963606571,49.47898735142441,46.6216747679912,97.81178438736008,56.99802697713456
2015-11-16 18:46:12,2015.8733923352293,L8,57.8186425163967,55.48352274857871,55.705243166583074,,,61.807729201419164,62.08210801549709,,,54.19159067443143,58.72458192553594,47.403280780372306,49.230332367786595,55.7583987084539,97.80218201681531,85.7798750767109
2015-11-23 18:52:24,2015.8925576842782,L8,,,,,,,,,,,,,,,,
2015-12-01 18:53:10,2015.9144609403343,L7,,52.604477133055916,58.92791286466212,,21.96588803449343,62.709619228540916,62.14464969569808,,,,,35.052622500435746,51.72863813246067,57.91168321050899,97.8146125197465,58.691311146098826
2015-12-25 18:52:23,2015.9801707085019,L8,,,,,,,,,,52.29030623274828,56.64287645482463,,44.592803271633,51.52849168209367,82.80950447805867,62.741712141071694
2015-12-26 18:47:24,2015.982908615509,L7,,,,,,52.60935603801359,56.03061282939602,,,,,5.062346733146232,38.21209857159297,47.73224700292936,97.80180107788134,100.78354189579802
2016-01-10 18:52:19,2016.0246411630628,L8,,,,61.435082860777335,,,,67.55702283816493,,,,,,,,
2016-01-27 18:47:50,2016.0711855821817,L7,,38.835227062003455,,,,,,,,55.54959204276912,52.84141113360879,34.59624238271576,42.942038329087666,51.80509180781418,82.80940178052153,55.73655958770952
2016-02-04 18:46:06,2016.0930888382377,L8,,,,,,59.52954777274291,62.99239329473778,50.55167018104364,,57.211187901129726,59.48264944911557,,33.893179193647,53.62157707503287,97.8022827553976,85.77716949447566
2016-02-11 18:52:13,2016.1122541872865,L8,,,,,,,,,,49.72011448142179,58.53568925771567,75.98094259018934,,,-7.292518062253477,26.736239879902016
2016-02-27 18:52:09,2016.1560606993983,L8,,,,,,,,,,58.187818339010796,63.998085971914996,50.99067376735857,50.05797314181478,56.31656005090555,82.80442112516836,85.78588011015692
2016-03-06 19:04:05,2016.1779639554543,S2,,,,,,,66.16272325942204,,,,,,,,,85.90201908511622
2016-03-15 18:48:10,2016.202605118517,L7,,,53.234517595869114,50.49569016062154,50.35309156146313,59.34075910773232,68.17424688418512,59.22781537210851,47.026971573686524,59.45364382449636,,,,50.80948277143502,82.8111038100347,70.76695915591577
2016-03-22 18:54:23,2016.221770467566,L7,,,47.71368235314426,58.12306169958181,4.462395787767229,46.89981453448752,50.276611522276475,50.59692573807186,,,,,43.543018003531586,50.81017135398318,42.103362060985695,58.28712394652037
2016-03-26 18:57:04,2016.232722095594,S2,45.89898008211359,57.66690793339666,56.392238741544844,75.6252868034434,50.972423122186285,58.5943974679483,67.29802940518643,59.814599494611045,56.55912418201456,52.46637035544222,63.854918383414,62.38967104500472,49.1552189489681,58.76439554881702,56.896880658868554,73.29294896162999
2016-03-26 19:04:06,2016.232722095594,S2,49.737522542107136,61.35890727797645,60.318607027587475,58.93774043011916,54.393067045769406,61.858887688160394,70.65763425916057,59.3239665949299,55.99090514650306,54.710564166916875,65.36487876810145,63.10228054476525,51.15046669899828,62.19913085235035,105.3127893224885,92.50874692146355
2016-04-05 19:03:46,2016.2601011656639,S2,45.40118606524021,54.9756321571274,61.031607644686765,78.83397869844437,55.480635230716565,60.60484468561279,66.59387480734455,56.98485525086977,49.85176382132561,55.13324345869105,63.04321836683045,64.23138679929566,51.9048458978521,56.58905613096563,52.4009667997872,71.15093879718953
2016-04-07 18:54:27,2016.265576979678,L7,,,,,,,,,,40.70634363557119,49.76546544943263,41.05165930419557,38.277982458123596,49.64399682289809,52.77139073730756,
2016-04-15 19:03:49,2016.2874802357337,S2,55.437838267718085,67.82452932111093,66.3781067142687,85.62402248912493,67.0871902531643,68.88018032026834,68.50789898261789,69.27396930220135,64.76046912908896,68.41090794373176,74.0693759435942,67.88668941461604,57.93310842541385,62.485791890265304,63.45469948593502,87.13374473759494
2016-04-16 18:48:21,2016.2902181427407,L7,36.3898719137035,54.81922746527039,57.011446730882994,61.49177138482029,57.910201396003245,67.01307251350718,65.680177601402,58.43771793413734,,,,56.85011368816788,59.22956236338495,65.23379906397196,82.79568838534921,85.78657473238167
2016-04-24 18:45:35,2016.3121213987968,L8,36.53426744260028,55.4856100243068,55.94146269644708,65.37850850277503,55.05136371802242,60.63813786120676,60.479317450965006,50.581840431770324,48.1807960319813,57.22553588524678,56.88708986209581,54.798578362800555,45.79074542838182,58.6653362033446,82.81609635149081,70.79256284633702
2016-05-17 18:51:49,2016.3750932599573,L8,42.846552822996586,57.77416920028542,58.83388143183929,77.55648304571179,56.18328134793097,60.54014136236936,68.92477145094952,53.855183275604915,66.19849157206842,72.23633044461617,61.30347241719762,53.28930213284204,55.73732042578916,64.57554650972364,82.81375242409136,100.78309987958913
2016-06-02 18:51:55,2016.4188997720692,L8,,,,,,,,,,,,,,,,
2016-06-10 18:54:47,2016.4408030281252,L7,33.43736016528456,51.61404969900094,,,,,,65.5929503952671,82.06710815861442,82.48965408185396,87.09336442806361,57.751758083179936,80.97653381012809,,,
2016-06-14 19:03:51,2016.451754656153,S2,49.124902365880075,63.685262775705,66.33685207683715,80.75288035147507,77.69967375616777,71.76068152160227,67.36076121110483,61.65040769577017,72.76293412425028,74.75106647692918,68.56783122085403,63.199102480135714,70.81125750884391,74.46834097290501,95.31205673037451,95.9942306824915
2016-06-19 18:48:38,2016.465444191188,L7,27.709190101643788,52.786492578453924,60.83932209216287,84.56754921653717,58.871943519784686,,,,,,,,,,,
2016-06-24 19:04:10,2016.479133726223,S2,52.88831800694443,63.79190066257222,66.38240459036862,75.80545011986581,84.44414010342885,71.74485313082008,71.18488993636444,59.14477558275124,80.74208404724654,84.89221618157944,68.94205030118852,66.3472905372758,73.42359805224206,82.04517648416821,,
2016-07-20 18:52:14,2016.5503193084046,L8,,,,,,,,,,,,,,,46.56207400864835,
2016-07-21 18:48:39,2016.5530572154116,L7,44.24590756212309,67.21281483422229,66.74197166461394,80.0631209048254,93.74834123144895,80.44364862978004,,,,,,,,,,
2016-08-03 19:04:13,2016.5886500065026,S2,47.88929118646514,61.96838084620599,59.390087485790104,68.09739821616387,94.04885601598255,83.29695582221815,67.721535001119,56.849312638574375,82.32859662165221,87.28743379830871,69.05307122779655,64.22284434176346,72.90769812553808,,,
2016-08-23 18:57:15,2016.6434081466423,S2,,,,,,,,,,,,,,,,
2016-08-23 19:04:11,2016.6434081466423,S2,,,,,,,,,,,,,,,,
2016-08-29 18:54:56,2016.6598355886842,L7,47.37541237632346,67.19533691891704,73.64021161794709,,,,,,21.210499906989476,87.20710287497249,87.1036133016396,86.53895069062159,91.90451197645369,,,
2016-09-06 18:52:28,2016.68173884474,L8,42.869093861169866,61.580150801358975,62.360441973823164,63.9442186530142,,95.42574109841387,66.9112339895683,59.20243782513002,86.49574776051512,89.27817279130375,71.02153619845157,65.01715903418938,72.64052341880368,66.138050215015,82.80309085377488,100.7878053325999
2016-09-07 18:48:46,2016.684476751747,L7,,,,,,,,,,,,,,,,
2016-09-14 18:54:58,2016.703642100796,L7,,,,58.69655880732277,,,,,,,,,,89.84909432582128,112.81466813943675,115.79183589223587
2016-09-22 18:52:29,2016.7255453568519,L8,,,60.154296369746035,58.19844932847336,,91.39155091153741,68.20949674459703,54.21842597487094,74.22201208725872,59.785603172675884,53.0731812602,54.268588188896615,69.39473471532992,65.81206411381467,112.81360323570517,100.79095213456233
2016-09-23 18:48:49,2016.7282832638589,L7,35.06670287000894,55.51762736264381,55.63216720566286,54.366690997102914,,,,50.6321570075751,83.51597472668506,83.38493292265764,67.80513688545507,65.0044120710174,73.69059664405117,65.78620121050153,97.7932841367288,90.39125796068015
2016-10-01 18:46:19,2016.750186519915,L8,42.87844137491881,58.56606222817163,58.82268745848547,51.68945231938592,,,71.60447602763193,51.108553634557666,82.48281037525433,87.22810735650495,69.85161943321467,59.82545059191207,69.03510694711417,65.74602601844406,97.80808373257696,100.77386994955384
2016-10-08 18:52:33,2016.7693518689637,L8,44.673881699977755,63.952288543599444,65.63549619734111,58.2454605358812,,,73.42960246379232,64.88937947029419,91.2337495175244,96.30689943624682,77.3669477347545,72.93591498000104,77.53716227881871,78.17336246304015,97.7981257469057,130.79085309138586
2016-10-09 18:48:50,2016.7720897759707,L7,,,,,,,,,,,82.15807414858412,,,73.6465734868686,112.80757372877852,115.77502085176819
2016-10-17 18:46:24,2016.7939930320267,L8,,,,,28.112281092468976,56.68346892574279,54.63388613405945,27.883942701332543,36.16669439376483,38.38937298645567,46.67729882649296,40.06737853284493,42.99552312450455,48.30059654255458,67.80876408747109,49.829338233558005
2016-11-01 19:03:46,2016.8350616371315,S2,,,,,44.44824612614723,56.20562193995303,53.51708745235251,41.12375013603099,35.65079768075538,46.68903423968922,50.19334164449706,42.56892317715764,38.26933386802932,47.36959245822133,105.60729448321689,89.23323921426919
2016-11-02 18:46:25,2016.8377995441385,L8,57.8220849054264,55.48446636023828,53.396035332371454,-46.79656415725044,,62.018051652192895,57.66954128519511,37.14874610979768,46.85760485458079,57.21981609299254,52.858102831967415,43.42073971219153,44.20672241063931,48.60438113983929,97.80779519007554,55.75702704161655
2016-11-09 18:52:35,2016.8569648931873,L8,42.822490210450624,56.10201167137425,58.07653349489848,58.1246469243841,36.934315589545236,62.57347365777766,64.99247000332662,,,52.90000284186905,67.83780330546175,54.658536638170574,55.282603488977216,56.30214372341345,97.81389848747921,85.78692812654033
2016-11-17 18:54:47,2016.8788681492433,L7,,,,,,,55.555467712131545,,,,,,,,,
2016-11-18 18:46:25,2016.8816060562503,L8,57.817413305989305,53.658924176318195,53.61205754901498,,,62.64720446088876,64.5888622518204,,,53.06209548800546,52.847248544833626,50.77042641626657,47.996776656421865,57.80942256254023,97.8033744474137,85.79050416685706
2016-12-01 19:04:03,2016.917198847341,S2,35.31592914612903,56.12783572549612,,,,58.80145900566225,65.28201283971538,,,53.09057861903091,60.31761442388678,52.52186238051406,54.30277124296777,58.029849434165506,106.19514193738418,101.08793467455547
2016-12-04 18:46:23,2016.9254125683622,L8,,,,,,,,,,,,,,,,
2016-12-20 18:46:18,2016.969219080474,L8,,,,,,,71.91117324430749,50.602751276287485,,67.18536194084278,65.82867633636911,53.26690001710801,64.39791987545831,60.92900143109247,101.53115861004467,100.76972839090409
2016-12-21 19:04:03,2016.971956987481,S2,79.01453189564788,63.33309266878878,58.457686826271825,,,73.53470437408374,78.79191244260528,,,67.41503508495147,66.4634598171763,58.71964329311943,57.60269263265516,61.27295439347712,115.31528570824182,108.90143272702015
2016-12-27 18:52:29,2016.9883844295227,L8,,,,,,,,,,,59.98163167906713,,48.95901738870943,60.32651053244064,112.80671329687293,100.77549788884956
2016-12-28 18:48:25,2016.9911223365298,L7,,,,,,53.38782592486544,68.21281958978929,,,,52.900160088316895,,45.99972631557101,57.80550739645846,97.81227783368055,60.74597076594751
2016-12-31 19:04:03,2016.9993360575509,S2,45.31639373351749,56.1454283135091,55.775851504978164,,13.541030776966718,59.304206272504544,62.95007267391951,,,50.691568028214654,57.67658879947015,48.76755474835967,47.28660797906386,53.31887382102174,105.3069858777618,61.568095204540484
2017-01-05 18:46:16,2017.010951628028,L8,,,,,,,82.94280233816747,47.504746177972834,,87.21951443836886,67.8801463265936,,,73.2914838701072,114.9419519634049,130.78751076187055
2017-01-13 18:48:14,2017.032854884084,L7,,,,,,52.484201537746614,56.75584771331479,,,34.102559585706466,37.7897642523037,,,44.56243709119733,97.80903164238018,85.78956974723506
2017-01-29 18:48:05,2017.0766613961957,L7,,,,,7.06384018883196,36.74222985305697,43.122111938881744,13.424637199425687,13.843772463407491,50.582066166371305,52.79594256064366,,,,67.80302564897491,70.77302446781047
2017-02-22 18:45:58,2017.1423711643633,L8,,,,,46.36231645666008,54.442485583604764,59.48669173078892,50.54428822011547,21.258113423573118,57.23975440503563,56.16303750980716,50.81563636513379,54.47239787069399,66.17236835270432,97.81211944894417,85.78453380863537
2017-03-01 19:04:02,2017.1615365134123,S2,55.44126038889658,64.63740205017784,59.359498688493815,59.09224642681511,49.78331051956233,61.211427315033184,70.68683126643808,53.261665116393964,54.78570952258472,59.660098158958775,60.99442269392061,57.54232234205808,57.57239223656201,63.30367211539976,109.72545465300084,99.4495072738699
2017-03-02 18:48:10,2017.1642744204194,L7,,,58.8714057803526,,34.66375867231561,63.130028600985085,68.86170827134326,55.24885111491031,48.5251019552827,63.542672420585745,,,59.149673441491764,63.152590533941684,112.81279039071524,115.789051767108
2017-03-21 19:04:01,2017.216294653552,S2,55.39231434337342,69.0749203049092,69.94829079119688,85.62588289416212,63.55122520909441,71.6217900636468,78.97886425287422,70.7605387138384,65.67877380920002,74.64456376526226,75.68632516483738,68.748130386766,81.84059767139453,85.17376318898351,105.30363896869328,129.48484844817358
2017-03-26 18:45:41,2017.229984188587,L8,44.72601874278279,51.42650920801617,51.55877999232605,46.82910823888678,42.589254345032934,50.197567602979476,54.96976131263173,39.219382052449205,36.24816193586647,51.948466527141875,52.43677342234153,49.88229683344743,54.581396416031374,57.01953490020216,52.755557217872294,70.78076247309099
2017-03-31 19:04:05,2017.243673723622,S2,48.82493270478869,65.93375879699819,66.35826923063995,60.68847207273982,58.448454078547236,64.86187758250728,70.17855479594712,56.77647175957052,58.22273385668533,67.0789134685468,61.67895539981528,57.952503800010255,67.00658579930942,70.51633470911753,105.31003447460489,98.99255602950471
2017-04-03 18:48:19,2017.251887444643,L7,57.28334892095641,70.03686983925346,70.06802133889565,86.20409581182304,,,68.33390162861099,,,,,,,,,
2017-04-10 18:54:34,2017.2710527936918,L7,39.804174576453484,51.89218466375505,55.953862614014554,69.17711219402362,36.90547748288285,37.46903685903075,,,,,,53.286018225386336,54.555782913066594,47.70466969633197,37.75141123986996,70.78841109280407
2017-04-19 18:48:27,2017.2956939567548,L7,45.622562673057715,61.24756549934171,68.32696011225273,75.94176565981812,,,67.64127543706235,65.73295030542138,59.54527952510443,72.23179153556539,70.7616081872698,62.84906788971535,66.97025096278685,80.84386381416923,,
2017-04-27 18:45:23,2017.3175972128106,L8,40.3013134185868,56.228843549547136,58.864464106998554,64.42436219946865,51.171898463908725,59.04267307688436,58.1403509032356,45.03239014912099,44.588132646847775,57.22721568354691,57.68921203363491,49.94205953404153,51.38365915920838,57.69092358320911,82.81561685783618,85.78953852778825
2017-04-30 19:04:11,2017.3258109338317,S2,55.332808168232425,72.99786942156345,70.5035174966268,89.00189312229777,67.94274049551406,74.96235313511721,72.32124648337368,67.87838553730766,65.64013773160306,74.29937882154971,82.77102139877987,65.41638624643114,67.06754347320711,86.9348346149499,105.31186247759462,109.01456839377822
2017-05-12 18:54:44,2017.3586658179156,L7,,,,,,,,42.55823438816212,43.86769524371243,50.22150941090253,,,,,,
2017-05-13 18:45:29,2017.3614037249224,L8,42.83591591096334,58.30140888940062,62.91354422543009,74.52089128275517,,,,,,,,,,,82.81337368966842,85.78540430829666
2017-05-20 18:51:45,2017.3805690739714,L8,,,69.8450449374453,76.54100970168781,86.97494720910099,93.32766456256715,97.93379036382744,,,,,,,,,
2017-06-05 18:51:54,2017.4243755860832,L8,42.998769742895604,57.76727773939325,62.01737710692643,72.79019266660394,53.112378204663365,59.85622842929589,55.281130724577,50.58938504804133,53.202141416992255,58.54272916222456,56.95048548890938,51.03433583264894,55.30164577988709,56.65232302383326,82.81558400896041,70.7747624064894
2017-06-14 18:45:46,2017.449016749146,L8,,,,,,,,,,,,,,,,
2017-06-21 18:51:59,2017.468182098195,L8,38.134849848268665,57.14369660889385,58.90306850969028,68.5342137166227,60.7467887115188,60.24279872052357,68.20736262709576,50.61169266401028,55.461842259624945,58.8206572784556,57.143689775513046,54.27623081084319,58.43673093611806,55.862663852916334,56.9099652708838,70.78642115794332
2017-06-22 18:48:42,2017.470920005202,L7,,,,,,,,,,,,,,,82.80242545338575,100.79232731923933
2017-07-04 19:04:09,2017.503774889286,S2,,,,,,65.89717162800419,74.41734034116031,64.38824616210468,73.71659126723361,81.99626809713746,90.34223764908083,62.509612078163975,,,,
2017-07-07 18:52:03,2017.5119886103068,L8,,77.96159516937709,43.78119761238263,61.116797588718576,80.0544889787048,94.09680918375095,,95.57144603159342,76.74920249941117,93.85567997907054,63.83590658837464,61.92311463639169,54.89245559558795,55.59743320925451,116.65183967545372,
2017-07-14 19:04:09,2017.5311539593558,S2,55.3244878481446,69.47735940921835,71.49013401348101,86.90667082389248,84.78540913818529,76.1401821119837,71.71111548343646,63.986618244104726,75.59124616762735,86.62371674932065,73.12896825895156,76.1325902779714,82.288738445023,,,
2017-07-16 18:45:54,2017.5366297733697,L8,,,,,,,,,,,,,,,,
2017-07-19 19:04:10,2017.5448434943908,S2,54.73934019478296,67.47005044926547,67.02991871237832,85.62441658574234,78.8007383911542,72.20946429801376,65.60663919127006,61.94310017967992,81.08214377347414,81.47601732598928,68.62072231757696,72.04804696420183,66.97680786149824,75.0729503490321,105.31615301967031,114.04709898139772
2017-07-23 18:52:09,2017.5557951224187,L8,42.85408539878935,56.96269710753806,58.834179217225554,61.26824851904924,53.969180746421955,40.37835457660294,41.21957355080389,45.41075542872789,54.55251270111082,57.24061056192538,56.414700794803544,46.515267342980266,52.369388783111866,57.020357536862214,134.75146690548692,85.68878592845194
2017-08-24 18:52:20,2017.6434081466423,L8,,,,,,,,,,,,,,,,
2017-09-01 18:54:52,2017.6653114026983,L7,,,,73.14022557219354,,86.91076645972211,,,,,,,,,112.81151404828238,115.78516153102063
2017-09-02 18:46:11,2017.668049309705,L8,,,,,,,,,,,,,,,,
2017-09-02 19:04:03,2017.668049309705,S2,55.08573780178054,74.56860874644542,67.92664826395057,81.04634789420642,97.94555142067412,81.88063508180903,72.33278366752839,62.59182765304405,90.01070701911448,91.0501394451799,74.61995729439951,73.18016626694259,75.1247220411894,73.27838004348321,106.13826536963667,122.65424488484103
2017-09-09 18:52:22,2017.687214658754,L8,,,,,,,,,,,,,,,,
2017-09-10 18:48:40,2017.6899525657611,L7,42.83105061607803,58.96375221263533,,,,69.08094286612302,65.54326773832724,49.60380078926536,,,,,,,,
2017-09-12 19:04:00,2017.6954283797752,S2,55.331756475129666,,,,,,,,,,,,,,105.30107789261506,107.35683252985363
2017-09-17 18:54:49,2017.7091179148101,L7,,,,,,,,50.780364709245426,82.07523197157953,,,,,,112.8068565654966,115.7845432942142
2017-09-17 19:04:05,2017.7091179148101,S2,55.32802074273656,64.54956760011548,67.01218467040052,75.62366057669986,97.95163714580401,84.82008745947039,70.66467609517314,63.78351312563987,86.00770768977165,89.9555697571256,74.46090720497199,73.85344095739819,73.79415223981051,76.73775406718046,115.29829511228486,110.81366424832599
2017-09-22 19:03:56,2017.722807449845,S2,48.772043738295665,63.404175495117585,61.66505428164117,65.62927811401487,81.09861082430751,62.08891849874223,63.04899361729434,56.206369061560565,74.49283636299113,76.06293980584911,64.54476644504405,58.146605535479154,57.13092425796654,58.07146127534738,105.31161252236224,89.95745770560258
2017-09-25 18:52:27,2017.731021170866,L8,47.540147621981916,68.74721284350858,66.39332626022909,69.67536295754967,96.89167803693144,76.45234685064605,70.42825969038722,59.31279220572702,85.30980619790101,87.22415494706586,68.27549379957675,65.01900871954295,65.70572586401157,65.30628569722987,112.80372847960699,130.7929398003317
2017-09-26 18:48:40,2017.733759077873,L7,,,69.89053689766828,66.0929578102675,,79.05603177274936,76.64145561573181,62.17247230558188,91.67010926222807,92.41554669922138,,,63.73839533408767,64.42833435533052,112.81100288975016,115.78080721024095
2017-09-27 19:04:05,2017.73649698488,S2,54.0408893165641,65.21750581219732,66.38770114558673,80.55315508095975,101.58087506330449,79.75998346426766,73.1783910463788,60.76710550569935,86.63061284261741,89.20523385657197,71.16765228795586,73.46678416085405,66.98128860904488,67.14242748876177,115.31396516063404,133.48127264285313
2017-10-02 19:03:53,2017.750186519915,S2,48.20975830929763,66.12330321778578,62.70746374819619,66.07796170547259,85.76243401532938,71.5730541659795,71.17682056511703,59.569570326070256,77.97080341702237,76.98364774224237,64.99021647812073,61.40811318016772,62.70776219771943,66.5417365079615,105.30908375120863,104.83429969219242
2017-10-04 18:46:19,2017.7556623339287,L8,42.878873969615924,57.782731182246735,58.86617230946792,59.711597722703715,90.09005021867176,63.15856609504097,67.13913774832317,50.60918850340381,75.06518421491167,72.3894536860718,59.915088166095366,55.63111133746419,62.51575668185318,59.899893168389376,112.81622033513294,100.78986193055619
2017-10-07 19:04:07,2017.7638760549498,S2,51.12366468651326,61.62059980000994,56.35997832448045,-24.270925171563626,65.83816074469622,64.17209993101321,63.07783923249495,53.04555895371526,58.774220253312706,73.48217481243316,59.06886248218319,56.2047559929074,61.36534373930091,60.704549119506574,85.3156014070386,86.23492687522723
2017-10-12 18:48:42,2017.7775655899848,L7,,,,,,,,,,,,,,,,
2017-10-12 19:03:55,2017.7775655899848,S2,,,,,,,,62.0906577149514,81.88591471451784,78.48082179718106,66.86220227600636,62.89802315276395,69.23258482811197,65.26298788096841,105.30949401620018,106.30955831062133
2017-10-22 19:03:55,2017.8049446600546,S2,55.3152527138396,63.40047962147063,62.02771206018841,-22.02715684025444,53.06145718275094,62.51638827032403,64.53938541924083,51.279964913390515,52.63894983085942,56.24339989447858,59.75914778753668,54.30642330081594,55.93559548106741,57.34654012383496,105.30904862678234,96.89826626100691
2017-11-01 19:03:56,2017.8323237301245,S2,75.31666611985153,70.97348049604417,67.94829735507282,-35.68267648009483,59.95917072661595,71.62565801930091,71.39239501699834,61.627464838241686,57.43538248184072,64.17037085827167,65.24651300088851,63.40116730154328,63.9948839415041,65.28604928700683,125.31035293990224,106.9321975217128
2017-11-05 18:46:21,2017.8432753581524,L8,57.815268765995306,58.37930418598937,60.224562632677575,,36.89606678045743,59.69144912898845,68.20639890128571,50.576987593109656,41.63636184408322,55.019520856463544,54.45012866438971,47.028168683219555,54.52108360199574,55.96394119486046,113.09301475354157,115.78794257405374
2017-11-06 19:04:08,2017.8460132651594,S2,45.732551789517444,62.58500352362987,62.018633968840746,-44.270205947307026,52.60981830476884,67.39379707477592,67.4066506104146,46.478880176998416,45.267564043466095,57.94806845935908,54.36595392960335,54.02286831208855,59.43339582390019,55.94396672472227,118.51503512150425,107.62817143901447
2017-11-11 19:03:55,2017.8597028001943,S2,68.56496458279584,64.91932639316626,64.24880924732676,,,71.18696752610047,71.40500557983937,58.17280622681069,60.95994593413952,70.00437415548602,,33.81649192920187,,63.25443885300428,105.30840146260788,100.50723956125535
2017-11-21 18:46:17,2017.8870818702642,L8,42.82869579866547,66.80034053388636,59.80709411414357,,36.92985462347748,64.86918345885277,67.24964540470626,,,59.185460450775075,54.78480269009069,51.16187075224637,57.15331691714701,57.265886598455616,112.81033926054805,115.788786228875
2017-11-28 18:52:24,2017.9062472193132,L8,57.832831842035496,63.550454659385146,64.1212744120833,,21.821104861021613,70.56977254059666,72.48728694842544,,,76.71088407995003,64.47698893212805,55.66983773636254,59.0302152135961,69.00058835783383,97.81527028794618,100.77681023718712
2017-11-29 18:48:35,2017.9089851263202,L7,,53.69964398763739,51.46636271743584,,21.91735644330398,70.28535932093892,67.92868009502547,,,66.26039647596713,,,49.27383805119896,63.04607196464979,97.80989331183122,100.7921747635485
2017-12-06 19:04:03,2017.9281504753692,S2,80.46758391018848,62.99927979710502,60.2629369595235,,,59.993693983772545,68.34815918740117,,,59.5040310004518,59.12115778900251,51.173076996506694,59.70157282995919,59.90565580454421,115.31264381940262,61.89053007546009
2017-12-07 18:46:13,2017.930888382376,L8,,,,,,61.533605179209104,68.15619202934298,50.538479284385176,,62.98172153311472,62.935869017002645,55.35332059813141,56.65332758452264,63.78760027147419,112.8105284883563,100.77402505604482
2017-12-11 19:03:57,2017.9418400104041,S2,65.32025821307451,67.19067235870816,67.84869590543755,,,75.59072265428155,73.037627323397,,,78.9469978285317,69.15415219625552,63.96133416463566,61.33831979967845,72.07630972382933,105.30505717791249,110.57191981229762
2017-12-14 18:52:25,2017.950053731425,L8,,,,,,,,,,,,,,58.48683303782323,112.81251031136078,100.78192038233539
2017-12-21 19:03:57,2017.969219080474,S2,35.31783441038535,60.373086687739956,,,13.935180420655117,63.3097701639488,66.82233147569895,,,60.44429124114006,59.558717199904436,,57.01771853972427,58.09693774185356,105.30779700192092,101.08889299060239
2017-12-26 19:04:03,2017.982908615509,S2,,,,,,74.14500334737853,76.11316287933138,,,88.53914184011644,73.14383159757784,63.332170215282744,67.91166932560782,71.35833916912944,115.31183332035967,104.08412414233031
2018-01-20 19:04:02,2018.0520202331327,S2,,,,,5.934254365557674,55.085063084013214,60.319140591185004,48.067092431361004,,46.14972942188773,47.624267930358556,,41.67645851009811,53.26546299342148,105.30206455246419,96.06697567665967
2018-01-30 19:04:02,2018.0793993032028,S2,35.31813594084077,61.85466533801282,58.944083683360695,,,62.79859613012336,68.939629512106,,,64.40907645895825,62.07424496018269,46.78880712726066,60.29548736318095,60.24964651767783,115.29681253499898,105.91575081722434
2018-01-31 18:52:08,2018.0821372102096,L8,,,,,7.8553074253619535,60.24779106976859,63.93694375556558,50.58845944332811,,55.64501368665235,58.36767725515806,47.296509571334546,48.34821428360225,55.83418305762866,112.80745214553963,63.23626195237873
2018-02-08 18:53:49,2018.1040404662656,L7,,,,,,,66.27637083972711,,,,,,,,112.80282742285203,115.77098528471956
2018-02-09 18:45:55,2018.1067783732726,L8,42.82525502691799,68.80885932866137,69.55086437450069,,10.75757813778397,70.09350804638254,83.15717567588149,,,68.60058436464647,78.17079717306817,59.82411612080473,62.29836448984348,65.79794581618143,127.81349074041974,145.79288872266773
2018-02-09 19:04:02,2018.1067783732726,S2,-4.422732524851817,64.57539722086355,60.69932326371095,,,,76.11149969870644,58.08766360807407,53.20376776581651,64.13191104577672,77.86441546869779,56.19027380280795,61.67667496290456,69.60481993012156,125.3091476259981,143.54129051455695
2018-02-16 18:52:03,2018.1259437223214,L8,27.82646068066818,59.41576133490622,63.742753271829216,-46.79445983470284,,64.12719668579119,68.68349160539285,,51.60572511667587,56.76243566707997,63.691541330875765,55.71472157352973,54.111378052337336,60.654977423812156,114.30890122535787,100.78503849221394
2018-02-17 18:47:34,2018.1286816293284,L7,3.4043889105409186,50.634659282209086,55.983122304176014,,,,,11.507346791510463,,54.52211924522695,54.553878926072855,43.276293854084614,39.180086664319795,46.51678568623041,,
2018-02-19 19:04:01,2018.1341574433425,S2,45.31477844724861,62.47688365211326,54.263408003412266,-44.2906593404679,,63.386405887856355,70.61625367623492,52.68704093507643,48.82981538611493,58.12470868184943,58.16242941570688,55.48717711510275,52.946849329279004,60.200909160598265,105.30681912858897,100.87009649861994
2018-02-25 18:45:48,2018.1505848853844,L8,57.8167296382812,70.51877452415381,67.55191492502948,,45.50747156551411,65.09860339093754,72.2012608222132,60.81288276405205,61.91405487817083,73.78971965515046,70.00059718938039,62.66032691458691,61.332895020134096,61.452970882789366,97.80392515838702,115.78648291554181
2018-03-04 18:51:55,2018.1697502344332,L8,57.816150142389446,62.619666856926465,58.72450870952049,52.197086940291626,44.1079956501117,62.847529523401406,68.19158115935683,55.09495674014497,51.263947750209184,69.73557992201823,61.652411915444844,53.44010365516829,59.432949370853486,57.59737745591032,97.80833015193615,100.79004261806827
2018-03-05 18:47:23,2018.1724881414402,L7,42.82574731214103,57.424064098901766,68.94270000609835,77.3623038415116,,,,50.56541948719712,47.76312597582171,71.8168589769693,62.16772503660426,54.74477864685936,58.46197925745514,65.01099509627406,112.81032977660604,
2018-03-06 19:04:05,2018.1752260484473,S2,45.39128995369794,69.78223466075883,69.06290245865236,68.74700808099395,62.620386264779874,67.1096555874092,72.40286762962349,60.32071059146374,58.74513930066655,82.37224017781323,69.72633389902737,61.558213683249356,68.49144840759239,68.54814671124674,105.30524540417275,97.16536292052432
2018-03-16 19:04:05,2018.202605118517,S2,46.891454603429146,62.26880285394566,56.378235072080365,62.46801927376475,54.613155327673496,61.791141603742325,62.03231876544906,55.90518966482744,53.31530981359302,61.41456663141276,60.18030756657806,52.57689633933815,53.22682067226644,62.532185552272026,105.31178983371407,88.67144840298694
2018-03-26 19:04:07,2018.229984188587,S2,55.38963422385661,73.29117538043018,71.3962420066382,88.59395028385526,76.41287748451656,83.91967715462317,78.34554719960175,70.95013365169578,81.7931925475736,95.76795957781374,86.05950053143113,74.62937119149765,67.00990330122079,90.94777277142387,115.31156309231567,110.48090186860927
2018-03-29 18:45:32,2018.238197909608,L8,47.14915650458037,58.738494669377616,58.84780304949082,62.787674662026255,51.906833135149505,,,,,,,,,,97.80318183796524,100.7672932812457
2018-04-14 18:45:23,2018.2820044217199,L8,,,,,,58.63401114308152,68.216216003616,50.58661514000952,49.035244819294476,60.695502677922256,58.54289307569245,53.94339695690078,50.8724919909462,60.16992631379345,67.80106194878107,70.77371653042839
2018-04-15 19:04:10,2018.284742328727,S2,48.66225511672896,65.46884621062304,62.95035825246872,65.62334127184323,54.43766590570136,63.643954404631394,67.47298711452441,58.22182961745848,57.71583206988477,63.06356815475898,58.793151767996434,55.390266369684035,54.784428445759445,61.187018233276135,105.31561431530189,94.19489269793168
2018-04-25 19:04:11,2018.3121213987968,S2,,,,,,,,,,,,,,,105.31263713814923,111.4339900645267
2018-04-30 18:45:15,2018.3258109338317,L8,38.60918878636981,56.46601374031461,56.885608354822686,65.8096154542809,47.641971880611536,55.357223452512926,57.382471381126045,50.593990443611006,50.538807701911665,51.4904191581792,55.10257574813842,48.80239440705398,44.030528974253095,58.04501800673378,82.81485070101527,70.7817869882952
2018-05-16 18:45:04,2018.3696174459435,L8,46.36278840354047,61.46138823884003,63.52572869537929,77.07661356138446,58.47997070924061,64.5008388178071,66.41184311839497,60.24655382868907,66.31823298968457,68.60029831502433,61.853326196629055,53.75561917112277,51.87276170868586,66.7882193104076,97.81656419892289,100.78535772403988
2018-06-01 18:44:51,2018.4134239580553,L8,,,,,,,,,,,,,,,97.81149792369055,119.13287601939224
2018-06-09 18:45:53,2018.435327214111,L7,44.406533405642826,55.17047939675318,63.28989239160981,,,79.15526949272598,66.7152058485238,61.49791232874358,74.55604224445035,72.34288938402784,67.91516572127819,59.80833822396313,69.52487435740343,,,
2018-06-14 19:04:08,2018.449016749146,S2,,,,68.82206916307942,74.54138048335757,,,,,,,,,,,
2018-06-24 18:51:15,2018.476395819216,L8,117.85864294751153,79.90288326171768,61.591880219479535,69.56989803885882,81.99327899611936,62.06798057928517,65.5614541492998,51.837354926668056,57.51317397132485,59.5009230597223,56.754094794707555,54.18913870955741,53.33959940053772,58.47692549675115,82.81459677691873,100.79043826806505
2018-06-24 19:04:09,2018.476395819216,S2,50.05613693372249,63.2309512419869,66.34655339858315,85.6299927014383,87.11375729249895,71.70102300285629,72.19169563107042,59.01384141884371,71.59364165377349,69.41049321121639,65.35270805361363,61.28378477922345,58.88400023695876,63.08021670787177,85.30356149538432,101.08509750596927
2018-06-29 19:04:08,2018.490085354251,S2,45.352855103931184,63.4146151676792,61.74959107479863,71.71410795230122,78.10349781557093,68.98922689370004,65.35473620234873,57.822077593487556,63.39351437093646,56.12934927751488,59.972535251967955,56.29207961546476,57.47552353519959,57.22801222198156,105.31312688896956,109.06525029165036
2018-07-09 19:04:08,2018.517464424321,S2,55.323734774460455,66.56011179640463,66.52053694842068,85.62755587608991,97.16864842562289,81.57093297322601,75.86282221073704,61.52879934412824,80.35674706477833,70.25412284367077,70.43753179813548,65.73841708780347,67.67694224325156,64.62160062227831,105.31313578988627,129.67095548712436
2018-07-10 18:51:23,2018.5202023313277,L8,44.14849925789377,56.83234083143873,61.138915253419675,75.19795527461588,85.26312573192506,62.98469925982534,67.67936170493662,51.18210991365567,62.48788385522072,58.063026351669805,59.928514756370596,54.24938540874068,54.470717978165396,57.739165478436895,82.81601461137126,100.79303277992813
2018-08-11 18:51:39,2018.6078153555513,L8,42.8168039138465,58.05097017811892,61.529085720629865,72.63496456615309,,82.47827442757969,68.12857260080435,52.89183474510644,69.94439653180963,74.14546586675914,61.739223659107125,56.037810021630136,61.14264895652889,60.177304540250006,97.80037413448842,100.7863163433001
2018-09-12 18:51:52,2018.6954283797752,L8,,,,-1.7529356991653395,66.9404988902611,59.924381045884175,10.391376970687205,,,,,,5.0446075008728,34.76359364796581,,
2018-09-28 18:51:58,2018.739234891887,L8,,,,107.60656212057995,,,,,,,,,,,,
2018-10-07 18:45:52,2018.7638760549498,L8,44.18654945745312,53.488119295584205,54.03776801065865,61.114915594606046,51.90121355148604,65.07354430144387,56.875999793164894,50.58476652360972,47.582660469994124,54.903886615019545,55.35305882774897,49.307658057142966,48.28088037305742,57.56555972546868,97.81532883842007,56.275893212436515
2018-10-07 19:04:05,2018.7638760549498,S2,48.09382517268891,63.84923810614068,62.39443819763201,60.36757168199691,94.47232500655832,81.55282361969876,70.43909030104356,51.50944315221499,52.894945262492385,62.49984980373574,59.86992666706549,55.679796184944465,56.993156732319676,56.73845011730501,105.3082604391619,98.22354346044733
2018-10-12 19:04:06,2018.7775655899848,S2,48.60706252215163,62.55149483545999,66.0525862408029,65.62459852631038,94.4901563955878,80.87714132672275,66.23429713443068,55.866795008572794,61.33378337581617,67.42200056316479,60.138780291227334,55.55164055072485,53.10119103843441,56.70456879203471,105.30920737582323,80.56087230065786
2018-10-14 18:52:05,2018.7830414039988,L8,57.82879775492767,65.22543435320101,62.76091876049064,47.24431038220436,,,68.43149344686788,58.92633033765908,72.27797494270493,72.93759324236049,63.34919327923658,57.032459841317376,62.826456619642194,66.14004881662855,97.80876836176465,85.77678506171937
2018-10-15 18:43:15,2018.7857793110056,L7,40.49956609317893,71.06584355963375,69.72935258614125,65.62832383241448,,,73.48644413601957,55.29556236304777,76.48834870838587,84.45359023167049,74.58323179843896,63.72678914451115,68.72927428364886,80.68412590803503,,
2018-10-17 19:04:06,2018.7912551250197,S2,65.64022017865788,72.26849028792002,66.3845102279003,49.02345825261007,,,75.84835218080575,62.146083875162844,74.76611605300926,85.09702690221198,74.05040082358873,61.627060275932266,69.91726143136745,76.38542858184246,115.31589737781798,104.32353032736735
2018-10-31 18:42:55,2018.8295858231174,L7,42.815028498621615,54.22013069502425,53.36962714934887,-46.77410687758631,86.81983178117055,83.71174568046207,63.406207151743956,49.220326811537845,,,60.6354364079856,45.86470174653171,53.599275185278074,59.968678410058004,97.81378705884804,85.77956755257048
2018-11-06 19:04:07,2018.8460132651594,S2,45.43687055954783,62.41273923099372,60.95430068397068,5.742949133794057,81.5787324213207,71.11423280815914,70.87575633122353,53.6747804009439,56.44597523495975,64.85041821696223,59.54762668443932,55.056533071144116,55.09448729976367,58.71182573340798,117.1202467102904,106.42822552069943
2018-11-08 18:46:00,2018.8514890791735,L8,57.81969976659063,56.66105450126536,54.57209108766906,,,62.234770884799154,61.80064867062383,50.57916849076895,43.696923805510714,53.38938884729237,52.86313653208583,45.0643318462528,47.24341950383728,49.69867504962441,101.80687864284887,67.21359157022951
2018-11-11 19:04:04,2018.8597028001943,S2,8.583826737270817,69.13177871049686,66.45187524952179,15.735763652516683,,77.6026248566225,71.72151165798988,51.468436405538974,58.85693209459289,66.27097843614072,61.18399523927428,53.03281146673993,59.56380280562572,59.99275995770958,121.50801896350994,122.31756449831953
2018-11-16 18:42:33,2018.8733923352293,L7,,,,,,90.01087799402296,68.65297945134671,,,72.22936153320767,63.0705204582989,,44.43909069397723,61.32304669584424,97.80172547737808,100.78098383940127
2018-11-16 19:04:06,2018.8733923352293,S2,15.318203804743224,,,,,,,,,,,,,,,
2018-12-01 18:52:10,2018.9144609403343,L8,72.826148659457,69.19833284826302,71.6207383831938,59.09966510046862,52.10492222225667,70.49874511283691,69.47375771835318,26.62373113800317,49.037033507888836,57.21315160475203,52.86134726931686,,15.453559984355131,,67.75730510017101,85.78751679365132
2018-12-02 18:42:08,2018.917198847341,L7,,,48.00645137685382,,,60.69755758719866,67.05614559624902,,4.841976226530364,57.204314923699414,,,50.41316261711515,49.252904399837306,97.81500529068758,85.78691826249339
2018-12-11 19:04:01,2018.9418400104041,S2,79.18815439770458,54.629746777511535,51.070539627451346,,,64.05874397380003,65.94603199811984,,,,,,,,,
2018-12-17 18:52:07,2018.958267452446,L8,87.82786466752232,65.68177510976686,64.05943796902508,69.2870731418727,78.90168271309221,70.36786504125301,68.22158507992144,59.963345689435144,68.23316834433034,59.244967606083044,54.368149635942885,31.46282552417798,24.49790598245011,,82.81500602964701,59.403660003722905
2018-12-26 19:04:06,2018.982908615509,S2,,,,,8.643926304185864,60.418336003900706,62.311289584154196,,,54.67704093775768,55.76305159379925,,49.8426333414488,54.82017131447277,110.9648893896811,94.3768987660902
2018-12-31 19:04:03,2018.9965981505438,S2,,,,,12.589199614025668,70.91866525146847,77.74857399914761,,,64.3688660667194,75.35780794363764,,56.961565541947586,63.29800422180055,115.30832476161746,107.8742378660954
2019-01-02 18:52:07,2019.002737907007,L8,,,,,,62.6129174969048,71.92788914632834,50.619362069419346,51.24009040707474,67.46518185508654,68.17485692485181,,55.426032119653264,60.026000089385974,97.80921841864013,100.78249290541653
2019-01-03 18:41:13,2019.005475814014,L7,,,,,,49.104716508697315,53.69852313019074,,,57.09760988936475,62.37382012802734,,,42.14501679850179,112.8146828612136,100.77728937400208
2019-01-10 19:04:05,2019.0246411630628,S2,,,,,,,,,,,,,,,,11.700554475142571
2019-01-25 19:04:09,2019.0657097681678,S2,35.31650079997052,64.71502818997715,59.05901895866722,,,64.51837589365599,72.93521629684521,,,58.318390475480044,58.642747556858126,44.24360661353899,52.407582454637414,58.81402005979218,115.30029907402749,107.13656702690307
2019-01-30 19:04:06,2019.0793993032028,S2,45.31586127441152,65.17215582897572,65.81383197000343,,,66.53985138423457,72.11302636425407,,,66.09923043782868,69.63385309447929,60.27975006745791,64.01610470113903,,,
2019-02-19 18:51:59,2019.1341574433425,L8,27.821841924397837,59.23924904048247,62.54599180730634,,36.92152771924481,62.387734478206355,67.93803725876661,,,53.19145638620388,59.7310123008999,52.55036461743309,51.01675478903046,56.8665296699283,112.79551031780883,85.78265650538339
2019-02-19 19:04:05,2019.1341574433425,S2,65.31611178544067,57.73080709384864,57.34316319707536,-44.284569794948396,,61.630301716675895,60.86067805893778,47.960433808891814,44.90823144386021,50.28672004448978,52.40570593453404,50.07880127020691,46.991285700079985,55.426152859998716,105.31008794575432,96.60417339979644
2019-03-08 18:39:14,2019.1807018624613,L7,42.82284094701251,49.54784791656126,54.44702495381437,48.98441922352481,,,55.166947523175516,,20.12947911997721,54.123076188209026,55.44819971500637,41.04927735175574,38.87972546686537,50.328046242224104,,
2019-03-11 19:04:04,2019.1889155834822,S2,56.477646827653246,58.231487387704064,56.38650478706429,59.23962822513787,52.35216698920826,58.2301689260005,68.45321268865737,52.93045814989641,56.81225791202546,64.94398624756792,66.40997743297325,61.06171814012921,55.29148418507606,60.9148909403601,85.3054229105703,79.8428827762018
2019-03-16 18:45:40,2019.202605118517,L8,37.19264268052033,61.56923425131122,65.48448389431346,81.2881770833236,54.590912289842414,64.69106729235939,67.96092876772678,58.34096694004788,49.357404642556084,62.51251008200797,70.32256829789272,61.30833917228765,54.46906036419064,58.61674465381875,97.80495756618659,85.7722758434739
2019-03-16 19:04:07,2019.202605118517,S2,51.54314880066378,64.73298119590038,63.93509476753548,60.1919869931716,59.80361791980906,72.09583632912509,73.67673520120087,62.7790691695103,57.91895127118804,73.576496695809,81.56124033725304,62.77664675965488,62.2653279744751,66.28882345858361,117.60908806320961,123.29273077829701
2019-03-21 19:04:07,2019.216294653552,S2,46.10571447547458,55.61977541359245,56.3774529276231,55.62946157100284,49.13695845164131,55.36768010747687,61.83289903988613,56.38053125386129,49.62853624981642,58.17913553126507,58.648503509021474,52.648560924529775,45.08612332664744,52.74061510091917,75.3155817318293,53.42603678187837
2019-03-23 18:51:50,2019.221770467566,L8,25.178131627839683,55.51451810296755,50.91289354150972,46.233252291450874,42.471514983900434,52.10674879299256,55.5848376568232,50.58033113860425,40.23337274792725,52.380566691990204,54.534490640033646,44.878006644172125,49.05223869904096,56.89582285258935,61.2801101588058,85.79329396903425
2019-03-24 18:38:42,2019.2245083745731,L7,31.828179443663043,63.470574539789396,66.70457421314326,73.4213089192802,64.07322982579129,,,,40.514586213919706,56.640526402185046,53.57316180520306,54.27074226994121,60.26804823945641,65.85789023185075,82.79496880304262,85.79083988584964
2019-03-31 19:04:09,2019.243673723622,S2,55.332560919274506,63.63172134428101,66.38299060482993,69.07136844877992,60.424149672271405,69.80435824153736,71.11931308708095,59.773823698619026,58.877909249792076,72.30184080258798,68.56123513994378,58.8215099364761,58.70642906873525,64.41010952396597,105.3100433776494,106.98308991558649
2019-04-09 18:38:09,2019.268314886685,L7,42.70548720560435,60.03914553177121,67.26759579557383,78.11892577162764,59.383020306365864,61.88627791005027,,,55.420042785180605,62.85672639153783,64.3078921170143,55.39207302986943,53.92914048614729,72.00860228034824,82.81383217811184,85.79025413920701
2019-04-10 19:04:11,2019.2710527936918,S2,52.263014907952765,67.52651415018978,63.72676937692812,65.73125703798848,60.770663981998965,69.12499437860254,70.66570420134914,61.49319170244656,59.39352257081784,64.0596039383616,75.45391031656841,65.71047171347645,59.70209198832513,73.25501846266302,105.30681781925439,104.26063660597897
2019-04-17 18:45:31,2019.2902181427407,L8,,,,,,,,,,,,,,,,
2019-05-25 19:04:18,2019.3942586090063,S2,55.39360264437655,72.06067645877971,66.69433650794336,70.02786836065137,63.64597327107545,71.62715240988575,72.04303210040749,65.95597475043802,64.69211166838144,68.47281758297987,69.0598523999102,62.75488635083416,68.38267866702094,73.74229513356674,105.3113882934695,107.14998238741103
2019-06-04 18:45:50,2019.4216376790762,L8,44.69794912393949,59.45562217087725,58.89382753745313,67.80701536913757,51.914969846205686,,,,,,,,,,,
2019-06-04 19:04:17,2019.4216376790762,S2,47.911464465089566,61.38450883974318,66.31803867072071,68.90610341841887,55.92002992710317,62.413360042738496,65.66296004840001,58.14258713701901,57.290304945866126,60.19498316592795,59.09475740005308,54.393607197494354,56.13047505959075,63.366716312570155,85.30996632012015,99.8968246789717
2019-06-09 19:04:12,2019.435327214111,S2,65.4038380501805,73.13950392462127,73.55685749055056,85.62902639560211,67.98522995206338,75.98496424893386,76.53698974784675,74.74267848820844,83.37878063948651,83.75602078779099,92.64376132675147,77.55240713590135,83.20438073633305,74.7216789909731,115.31366465138662,142.20916887543618
2019-06-11 18:52:03,2019.4408030281252,L8,47.78262960039342,70.41128314121039,69.16412383517887,80.79865581425528,63.059303376181234,68.06602072501418,82.39671306487247,69.78200141640185,81.76256374602445,82.54742055185474,77.21157417340231,70.36687721505211,84.5742637254101,70.53709205586506,97.8085377440203,130.7718772816869
2019-06-12 18:35:46,2019.4435409351322,L7,,,,83.08089746874413,62.74029372818158,63.31332735284313,70.9833903064841,68.5994642016905,67.11365965150023,72.68715003684679,73.45008485052153,62.76991704526691,,,97.80986640478379,100.78375744696719
2019-06-19 19:04:13,2019.462706284181,S2,,,,,,,73.53751964152892,57.4621161671208,57.733613235562586,68.38608077920436,59.71915215328938,56.758354632285034,57.139469410152174,61.48139904651041,75.31455926128393,93.93783843377251
2019-06-20 18:45:56,2019.465444191188,L8,,,,,,,,,,,,,,,,
2019-06-27 18:52:08,2019.484609540237,L8,35.41691160845674,41.4978353427251,58.93811444643181,68.81293942117101,52.46599744942651,59.04030828608338,68.50642283086333,50.580772321184064,54.15489973379687,57.26767344036898,57.696064175542695,49.964543934347034,60.7933594834933,57.04287517000646,97.81393886934707,115.77290724046526
2019-07-24 19:04:18,2019.5585330294257,S2,55.323416376615995,69.26201361983954,67.66978064630958,88.34333915465108,72.88060831632319,76.08957561989087,71.16560997390519,66.56351951832194,78.15720701321048,89.22528766252398,83.53533861322502,78.05737938087978,81.81232891132389,85.41183322784153,105.31053313595638,111.79614906086962
2019-07-29 18:52:17,2019.5722225644606,L8,,,,,,,,,,,,,,,,
2019-08-13 19:04:16,2019.6132911695654,S2,50.354920930574465,69.4525282409374,65.80628574288257,69.85614945081956,70.96474276901932,61.632033322694184,68.66207906640933,56.79639373987939,82.24824555321908,79.28361288274003,68.66070438322144,71.26348106242182,72.11577691842186,71.9207443325786,105.31220321593864,103.29347619389199
2019-08-14 18:52:23,2019.6160290765724,L8,42.84791735650447,58.862446968147054,59.666647816486424,69.85710816988929,61.83761124381946,64.20407576640076,64.50089224079389,50.872554591887216,72.71461356011574,81.21467297861867,66.74375279867071,63.28433644632133,64.90517884809185,67.768204488612,67.75558301599901,100.786472448412
2019-08-15 18:33:16,2019.6187669835795,L7,42.819990296521716,65.07504079509906,63.54195297674039,71.8378538700168,61.990458082736055,59.19912977792008,,,,,,,,,,
2019-08-30 18:52:27,2019.6598355886842,L8,,,,,,,,,,,,,,,,
2019-08-31 18:32:35,2019.6625734956913,L7,,74.74064512124811,70.43342849123823,86.09819354448244,71.39393482627906,73.21075166392488,83.30686839600082,65.57717222980327,,,,,,,,
2019-09-12 19:04:10,2019.6954283797752,S2,49.38025100988513,69.65160508165458,66.37199252249306,66.01162472015031,74.85100938183773,73.26348680048855,70.84935502984014,58.80518320492361,75.8164803707691,82.31308213058448,80.67908681845714,64.70506269141197,69.88391760918714,83.32988454537175,115.29725463519942,132.71197353416616
2019-09-15 18:52:32,2019.703642100796,L8,44.25577874849798,62.36529773672864,58.85553458370356,71.21637564789062,66.73228771889407,65.56648325548308,69.77364404463842,55.26674190262668,77.62153565196648,83.60914566033136,71.5039890195573,65.03038005141008,72.34809847063836,72.83073258165156,112.80555257879436,115.76947866771427
2019-09-17 19:04:09,2019.7091179148101,S2,45.752886176843916,60.67237274294516,62.34487402076323,65.62935985484772,78.10662440056142,70.03147753837413,70.66608970968542,57.02946555339119,79.67424250610637,84.7297718353808,72.3287552035129,72.7565312312542,71.7900520058387,77.42444041148033,109.75260546570921,110.44477009693293
2019-09-24 18:46:24,2019.7282832638589,L8,39.65392378583801,57.66222358667548,63.33294589033756,68.92900710557798,72.9429289033711,70.08326064806113,66.11758789819571,55.50384753595886,81.25801737978664,90.78843583766265,73.24136182570608,68.93372417284586,74.45943646945449,71.87572459495405,97.80902637946836,100.79027316075246
2019-10-01 18:52:36,2019.7474486129079,L8,41.553552389689656,60.3938171343566,58.857097381767055,62.74290731596374,57.33151022479485,63.89389306821985,67.95840714195339,52.96184329393196,74.08653658554783,84.34613075909456,64.63339762884489,59.16660761318803,61.61111568494288,65.31862560832889,112.80658467709858,115.77772034403847
2019-10-02 18:31:12,2019.750186519915,L7,40.25547906927155,64.70473559070204,73.88054253252842,76.46938512227364,,,68.2057758922414,49.87605736260737,78.04383139271994,86.29757241464077,80.14449037299644,62.53794425611129,77.96790641199115,75.86138010680077,,
2019-10-02 19:04:10,2019.750186519915,S2,55.3280047951904,64.7561509523363,63.13316628344134,59.32443147372057,62.28758061950049,64.25351498178568,71.62047111155434,58.60532673984008,78.71907780392932,82.98596804351544,63.23790270378569,62.19370966971587,65.00239114867969,70.83068133462376,125.31586609772866,132.21758239046903
2019-10-07 19:04:12,2019.7638760549498,S2,55.413002402276895,67.56169088238839,70.85657657363852,75.86771844419499,87.04478033258083,76.85809611795946,73.39222997728933,63.32246646759587,87.15303462410898,92.78031130503986,76.9404302362428,82.55660244418173,83.14143562280513,83.43388706110017,105.31410603766646,133.47857429732252
2019-10-10 18:46:27,2019.7720897759707,L8,39.61152860245241,58.00111921758793,58.872989595290825,60.37180614461743,61.61508422126231,63.239800515123,62.77542554460522,50.60598775571392,73.33974960346261,82.70871316543594,62.870358365644485,62.265512091465524,61.25221991195806,60.75979920330904,97.81662171028358,100.78868460197643
2019-10-12 19:04:10,2019.7775655899848,S2,55.32884667398411,77.65786617772693,75.1013683986683,61.681198325488836,75.41392628225296,,80.65797610463599,60.878628369716836,82.03306002094263,89.18835167727022,70.20429643789149,68.25333266442068,74.27613120881833,79.9492055883455,125.30007351439048,133.26689856439464
2019-10-17 18:52:39,2019.7912551250197,L8,57.82646088044902,62.108351287694035,54.242849638694736,59.94663364779938,54.479314879304226,63.43524740170014,63.40604885514844,52.49680268028645,61.0785513317495,74.17516520714813,63.42299002558637,58.01227288106132,56.06958046418673,61.29769199050536,82.80354119958471,55.72475685706251
2019-10-17 19:04:12,2019.7912551250197,S2,55.3226778647257,62.763640785321535,57.3035517429885,55.6289540735361,56.412956298244204,62.01220957563609,68.96019388678543,53.62998561751263,58.70930791712875,74.68125636047245,65.357152215953,62.08513757205957,61.47805808183038,64.17845784273979,105.31383226539432,86.2378760186762
2019-10-22 19:04:10,2019.8049446600546,S2,56.59384698197832,63.3758624133646,65.78316188899285,4.285269938539031,57.219432887900346,71.62267911591134,72.78076163419533,57.18515201907096,65.88181530896662,71.71932614904853,65.33876835156003,57.491301047709804,57.52286143518168,59.93918901993652,110.33287681993981,113.2937325283424
2019-10-26 18:46:28,2019.8158962880825,L8,42.834274096218785,57.285350898748575,58.249685111678545,,42.88693602099215,57.80307846098882,58.41746434595393,50.57812646698424,50.22431172555771,57.21832876029496,57.581982918320385,50.00820108777024,54.5702744024857,53.76361289578029,112.80269110515431,100.78244755281315
2019-10-27 19:04:12,2019.8186341950895,S2,55.321049329640346,59.729837631741944,59.665012128405216,-35.22743516443429,49.92776756257135,61.62689142458831,65.00455848313322,51.520289656459575,56.302396855833365,59.868935425691404,55.34527125539445,51.65312850719042,53.2941180476258,56.16519311323003,105.30893968700066,84.9953743999811
2019-11-01 19:04:10,2019.8323237301245,S2,75.31554430789869,67.43331809938906,62.814793421602666,-34.272527684604306,54.570825402920455,65.7768660188606,68.3789884161447,59.02555703772764,60.66936956224739,70.15483846874136,61.94715744564064,56.01981410729404,56.989678788303245,59.0476009802654,120.3389219295513,135.53373897856392
2019-11-02 18:52:38,2019.8350616371315,L8,57.820297015943304,64.92998645214568,73.86964227304304,-46.757584900053416,52.49739584748393,70.95586222251417,74.6901429477102,61.366767909159826,73.37521341278986,82.3613719901426,66.83989855985544,57.822144147172764,66.55688041660395,61.20001639415632,127.81316334283179,130.7832978235564
2019-11-03 18:29:49,2019.8377995441385,L7,27.819801739711853,68.8461759093893,72.60847887150129,-46.79722097224313,,67.5143096002841,70.52643077399334,,,84.15068382494803,67.78750825287405,55.42373785256258,70.86111779630426,64.29714292889514,127.80851598092752,130.786364443096
2019-11-18 18:52:35,2019.8788681492433,L8,27.829370853487426,59.784458273772074,64.76010575069867,,,70.30334917950535,69.62538171712879,,,80.20441704491324,61.65291283441111,52.676038979638086,55.37724217041662,60.586940198430405,112.80716612530752,100.78088141573194
2019-12-16 19:04:04,2019.955529545439,S2,45.320641105166864,59.96843229906064,58.39933903941073,,14.887309428772173,61.63324598745996,66.82159079649843,,,57.47782348019164,60.77058995489385,,46.98262978410061,56.26339331076315,105.31022761223315,97.14440440666846
2019-12-26 19:04:04,2019.982908615509,S2,35.31643625774082,,,,4.467280998934682,56.91394812844371,61.76919378078284,44.51773319287996,-1.1743579506222215,50.428448518651095,54.228751048729194,,48.763922437933246,58.12873185696343,105.31193461725334,53.52570266331978
2020-01-05 18:52:27,2020.010951628028,L8,,,,,,70.12722784230847,72.42346120948868,50.62989515792056,,64.05576171007311,64.38839134952333,,49.74176127230665,65.80280838555493,112.80715797067616,100.77024961662644
2020-01-05 19:04:04,2020.010951628028,S2,,,,,7.499270997312959,67.37176582535508,71.81206287490215,,,62.816761691007024,65.39313330331069,,49.8542826262627,63.810299484567466,105.3105131132629,106.57078811759968
2020-01-06 18:26:40,2020.013689535035,L7,,,,,,,,,,,,,7.519250493411762,66.42115026774869,112.81400455073054,100.77870071113999
2020-01-10 19:04:04,2020.0246411630628,S2,35.31748232495091,57.3829071597108,,,14.898637335058785,57.570836865828724,65.51916646618491,58.06706901147905,4.826871755057199,55.56582326258278,52.93021842644649,,46.99086105888157,59.56686093267087,105.30520340619736,99.07850844104223
2020-01-22 18:25:53,2020.0574960471467,L7,,,,,,,58.19913865549859,,,,39.03800654678967,4.985071069991632,,,67.80224575154945,56.48763617479656
2020-02-04 19:04:01,2020.0930888382377,S2,55.32469368818946,66.44250910548914,66.3701955691311,,,65.31888417844553,71.72382377149762,,,67.65932140615176,75.34160544664222,59.12019376731592,55.741150479339694,83.30046226372674,105.30657268277224,102.25145382960797
2020-02-06 18:52:19,2020.0985646522515,L8,,,,,,,,,,,,,,,,
2020-02-09 19:04:04,2020.1067783732726,S2,35.316808023290235,57.48542385662101,55.91698200158015,,,60.852484384377824,61.54763677128362,,,53.679161303356494,55.31849058298049,43.05458544383987,43.19198681673959,55.45031023645016,105.30589877939177,60.38156986334032
2020-02-15 18:46:06,2020.1232058153146,L8,57.82552133093081,61.27284016522656,62.76934916174907,,,74.64028296073252,78.16067709538623,,,66.99283812434152,73.53252811999913,56.18599941700957,62.98916371065481,84.66382642499369,97.79258027227681,100.7752292490253
2020-02-19 19:04:05,2020.1341574433425,S2,55.320190256658925,71.05904361605067,66.37109147874344,-44.260872345933294,,72.09862234406054,78.78969863812438,59.76045267899774,59.13113714706103,63.07631063223181,70.39037018159074,58.032920011352395,67.82884044711258,69.17895915090189,105.30282068911593,105.50255104174634
2020-02-22 18:52:15,2020.1423711643633,L8,,,,,,,,90.60452422544915,,,,,,,112.75019170717486,55.67371174079835
2020-02-24 19:04:02,2020.1478469783774,S2,65.31554901789139,58.39658980291871,56.375053959996166,-44.26559447622311,50.171306286916405,61.633151928953716,66.41112440952855,52.77121188761847,48.69667103624198,53.45990186479982,56.47831346664406,55.689524207842844,51.55154317058849,57.43162209508578,105.30869423787323,86.69297797360746
2020-02-29 19:04:07,2020.1615365134123,S2,,,,,,79.86157763440599,78.14230085762821,49.25647065777078,44.32395156558431,66.60008371868085,68.31252430732596,55.20643243788715,55.891781722230576,66.97929845275075,115.31059760028022,101.06326652369414
2020-03-02 18:46:01,2020.1670123274264,L8,57.82586580745801,65.22313804161887,58.83060583302087,58.334738046259154,44.407460673600454,72.51444484007486,70.77672345573492,58.64235506593812,56.39935122522355,62.52234511077255,69.36022845251696,57.415519950958014,57.841875117978525,62.66225228936197,97.80765900498649,100.79055675881486
2020-03-25 19:04:05,2020.229984188587,S2,49.77222390303696,62.51804694934877,61.70413075560509,68.47958645665521,84.41481753857985,84.05929142151096,66.56065739612971,57.11977067462753,73.61732282857653,84.45946191069734,69.36100794927862,64.80036448118321,66.9770155182906,68.26633347232608,138.51298416026705,68.93595626945984
2020-03-26 18:22:30,2020.232722095594,L7,,,,24.931540259327505,87.78320825511048,85.83477424918128,63.85511570254531,50.61163726327851,81.27002644898545,88.791450597553,67.62759277833739,,,76.28282680835474,67.76898516302727,85.77930071492493
2020-04-03 18:45:44,2020.25462535165,L8,48.41194705141011,66.34594716510456,66.35418919678695,88.41081102987025,,88.39756461721518,75.78785341798852,69.95506745431132,89.19663846837811,93.0494047053464,82.86183845251759,76.47388552846235,81.99677468643489,82.65445949324246,82.7660994748262,100.7792134479142
2020-04-14 19:04:09,2020.284742328727,S2,66.66759763306679,77.96563247818615,77.57332945189084,97.90402329037535,,,89.72497161763154,82.15015462146599,,,,,,,101.29942199643533,149.6226246320954
2020-04-24 19:04:11,2020.3121213987968,S2,43.568470443077565,60.443239485266545,60.5624340184143,66.97103485726177,92.93894547564489,81.57136601505418,66.87946167194693,55.76342387224858,73.1307111006231,82.43881530093188,67.04468829914222,63.66388045344925,72.20216271076814,69.86687771536523,105.31462502695723,89.12880255837068
2020-05-04 19:04:13,2020.3395004688666,S2,50.95998974064735,63.53499477886551,61.08740336802299,71.59718660188284,102.44399965655037,92.0241272143982,71.91140826756025,66.56811900728987,74.22368043189373,89.22450337007629,73.32279864293258,72.5784711428553,67.1937701100919,75.44148116953951,105.31583284923039,100.21114963943832
2020-05-12 18:51:39,2020.3614037249224,L8,73.12582527142499,75.30351180844623,69.0627232841156,90.67592733387558,,,84.14215591890195,65.60112939982861,,,,,,,112.42249755798832,100.78782390843087
2020-05-19 19:04:09,2020.3805690739714,S2,,,,66.86031396207501,79.86594795682524,77.30787678714313,69.11465971311344,59.9658457770537,64.23165588772841,74.5496571451466,61.02083346391573,56.78823714663785,65.97551245309222,66.87822837016934,105.31341980138865,96.65800101831746
2020-05-21 18:45:31,2020.3860448879855,L8,,,,,,,,,,,,54.0529407553707,69.73531169548548,71.75584486728742,68.14660427987171,85.76614940889885
2020-05-24 19:04:15,2020.3942586090063,S2,44.411767717153104,56.17553140732844,59.62922677949901,67.00030437439774,84.74559241008868,79.14907471144338,63.75827305814316,52.91933066850213,65.86174862032851,75.1756859409969,59.172233934410656,54.540810640370104,65.767425129535,73.77624781958593,95.31245074465221,105.54384807172322
2020-05-28 18:51:43,2020.4052102370342,L8,,,,,,,,,,,,,,,,
2020-06-03 19:04:15,2020.4216376790762,S2,55.40431453759041,64.17970500642389,66.38181764317535,76.66816940185015,98.56368477846797,91.66221899064925,71.93662556062665,61.52454593229495,84.76471798285262,91.52630404572325,75.21803112537162,70.01894846747987,80.61947803025744,88.11228707146864,105.31349313114312,117.3224565571068
2020-06-08 19:04:11,2020.435327214111,S2,46.21146082325524,60.067454620947224,60.41564170866522,60.27718269650041,88.44884322993987,91.7677890468944,72.45035978718815,56.31038358391062,78.67246632849462,88.66374606184255,71.65096841332043,72.53518118081016,78.46875515010422,85.70483970791122,105.30950312749724,99.49112452929997
2020-06-13 18:51:53,2020.449016749146,L8,51.375908018826976,63.50788345137251,66.58314069691016,89.02808144734102,111.90045077171328,,73.3920077485427,69.52835563427237,90.12196167049015,,87.98996680955844,95.02185081555946,,,82.77803852729818,100.78801594199673
2020-06-13 19:04:15,2020.449016749146,S2,58.543224954018974,63.94121232061231,64.08494454405755,85.62454033531671,,,78.97222182112739,66.85138733724636,96.41141649932335,,90.47891696733726,86.68686147986703,92.48655670277202,,84.74705163345863,125.6160616911792
2020-06-18 19:04:12,2020.462706284181,S2,40.58505225485547,60.02864661326341,58.94549473706313,65.62440861177562,100.27127854187654,85.28893197955416,67.56238003785323,56.0501736754653,76.90824167182643,86.67085379198024,67.64182530913722,67.69335317859388,71.65311165147823,76.21168414690644,105.30997075889547,94.28531772874955
2020-06-22 18:45:47,2020.473657912209,L8,,,,,,94.36182700095291,65.71530366649317,56.140888265166595,83.32303199849844,,,,,,,
2020-06-29 18:52:01,2020.4928232612579,L8,46.83899200290021,61.93412660974742,63.07595321933781,75.98165624868483,,86.25984822990046,69.94524494910553,65.61163017181072,85.56170541451301,90.08989603823068,72.03567735073844,67.30745270334901,74.9247251779461,68.56177104665042,97.81414527096732,85.78833720846951
2020-06-30 18:16:49,2020.4955611682649,L7,37.90584535201981,54.87058630770064,61.02666968816892,,,86.38722787880036,56.18221963823366,53.25217718486645,78.9703125566599,87.16648184664973,67.82527910117403,68.07128750435646,71.16827060890643,,,
2020-07-31 18:52:12,2020.5804362854815,L8,,,,96.45843405014058,,20.53770180086468,,,,,,,,,,
2020-08-07 19:04:12,2020.5996016345305,S2,46.30993831334281,64.14755710587457,64.57208948130952,58.56122332345604,,101.67500449208401,71.83792963643731,62.89036481902793,92.5484665065809,91.76793421731105,68.77967995547813,73.82960784129305,72.48064115771807,68.20403957342882,105.30080197796903,113.5082272141555
2020-09-06 19:04:12,2020.68173884474,S2,56.617844461058105,67.70539654843304,66.64319189003034,77.06131323530792,,,76.49763527605658,72.95428103244573,98.38207218371039,,85.34777296843036,79.9398693632159,80.25269430231484,72.86073292155399,125.30489698173707,139.48525277279197
2020-09-16 19:04:11,2020.7091179148101,S2,65.33211177829779,64.93645833694833,64.21786077676276,58.05287096106156,,,77.13648447576004,61.55077742798004,87.96628265591764,,85.28528489110148,66.86631611364731,72.26895369063251,82.95194347336029,115.29872373813355,127.10224250298592
2020-09-17 18:52:31,2020.711855821817,L8,117.85766202572142,64.7307329314394,61.08976156697346,54.2239254583658,,,72.81914289527717,,,,,61.068873197084415,76.27607880021559,71.11876993292908,67.7716001891605,85.7699743114932
2020-09-18 18:11:44,2020.714593728824,L7,,,61.17558846810867,59.32668239074387,,,74.01778835581773,48.6412456759955,96.67638131052118,95.87379657013999,82.79310378525182,,,82.1113380709165,112.80976718422497,115.78693055719167
2020-09-21 19:04:14,2020.722807449845,S2,56.03672378906035,62.799018015472,61.91844897350036,59.16047651752949,,,71.44261303898307,61.83912319364205,93.41418146652782,94.66605640404649,77.5186007736637,68.94605435069337,72.24544462442108,79.88865291842596,105.29861145948651,124.97009042696546
2020-09-26 19:04:12,2020.73649698488,S2,,,,,,,,,,,,,,,,
2020-10-03 18:52:34,2020.7556623339287,L8,,26.90516655942617,30.34725396304819,9.185194016633174,12.116867572399972,,15.885455641893408,,,,22.840345383831878,20.351780161354363,,18.700189658773834,67.81437657644383,145.78302093617089
2020-10-11 19:04:15,2020.7775655899848,S2,55.39098934809449,66.5953724052551,66.3197658020508,71.16913754364597,,,71.96731340570155,62.86503525012809,81.36865243392145,87.25241530123856,75.39697063095053,67.968773353807,72.55934947060774,71.84230130474772,105.31198037515973,107.96239075795962
2020-10-12 18:46:24,2020.7803034969918,L8,42.99996155571553,58.837312546456715,61.75930439471874,41.27326643165668,,,66.83497245822961,50.600876670666764,86.04408216774233,90.32936393570137,70.33628209144845,59.17680090300786,65.69068045407883,71.60139522833875,97.81291089396683,85.77523904717688
2020-10-16 19:04:13,2020.7912551250197,S2,72.19461095320067,62.376437726317455,62.672585477496895,35.73907554069104,103.23140966585335,88.0041240526066,67.12023162503807,57.01971003512263,75.95680035536049,77.38885951478527,61.11247576463502,55.57145607790347,60.381551872773855,61.8570424308476,119.55610138703197,123.51456627483657
2020-10-19 18:52:35,2020.7994688460406,L8,,,,,,81.36971183622248,60.36084193799005,,,72.18215775627868,57.32365194208764,49.64236712458443,52.30433496608947,55.724855156696535,97.80530997823078,63.412300306220885
2020-10-21 19:04:15,2020.8049446600546,S2,,,,,,,,56.91649675289106,76.68566862970093,80.3383469999492,66.54362762081239,56.855991703850805,56.007282007379125,60.03205918565592,85.30955209247463,87.63386662755073
2020-10-26 19:04:12,2020.8186341950895,S2,55.43596276804959,64.65747261600686,66.39575493333537,59.49239990376634,,,72.69797773690993,56.93826245624146,83.76807762690146,89.64668755757644,67.3391372404623,71.80742633941533,70.36654033738074,69.45114116918516,115.29723544514803,139.55833046708779
2020-10-28 18:46:24,2020.8241100091036,L8,42.83027081734733,,,,,,,,,,,,,,,115.77903011515222
2020-10-31 19:04:14,2020.8323237301245,S2,65.32624908436325,63.390595522720886,62.9708422638988,47.052107366659165,,,71.61257617020873,67.15423981736546,88.57236425779973,92.68782510008418,80.87700352013172,,,,,
2020-11-05 18:08:37,2020.8460132651594,L7,,,49.031358561889846,,,,,,,86.28027611254353,65.41763437022318,,63.5476780144715,65.86466892361551,112.81186266633269,115.78852278512171
2020-11-05 19:04:11,2020.8460132651594,S2,55.44367968115061,64.20336566581618,64.58184140816802,39.95456384205048,,,,,,,,61.949772501147564,67.39205492072679,69.60819673924681,118.00669364369543,114.91960748421118
2020-11-15 19:04:10,2020.8733923352293,S2,75.31657351403652,,,,,,,,,,,,49.88290943124872,51.92827480598631,115.30362570337302,85.82182817223759
2020-11-20 18:52:34,2020.8870818702642,L8,57.8298407387242,65.16552937833958,58.84715759164502,,,79.04987182731477,71.19030015059559,,,72.21578848848193,62.51476966737742,53.7128342362039,57.08551460076087,60.22853007534751,112.80660276969138,100.77890118737417
2020-11-20 19:04:11,2020.8870818702642,S2,68.61563998133896,57.626387987966204,54.92394041292498,,,66.14994362295616,63.915847192621776,,,68.53782845779978,57.886269948795906,53.07202026347625,58.2863566970436,57.01815903895965,105.29910200374034,107.16922900391623
2020-11-25 19:04:09,2020.900771405299,S2,75.32050648997766,67.39268144389592,60.97544180004181,,,,,,,,,,61.49572742495404,61.15783808968637,105.30131790366245,107.65752840960559
2020-11-29 18:46:25,2020.9117230333272,L8,72.82284191597822,53.88997890162579,50.31424281965468,,11.089431733777815,62.51078500969385,61.68490117325313,35.58167345111687,,59.676725804699316,60.16663214697793,51.88837379965059,48.118283626982176,51.25597778054747,112.80825056663785,115.7934616193038
2020-11-30 19:04:09,2020.9144609403343,S2,75.44530813873318,58.628137205798126,56.816706690103445,,,62.14699881834791,67.4308710842696,,,61.42586326957658,61.43396636088014,54.841581172756435,53.37785996908646,57.49901504732405,115.31117918309968,107.27338054137859
2020-12-07 18:06:20,2020.933626289383,L7,,,,,,,68.17270234173107,,,,56.1085667052531,,,43.11564384715266,112.8126937018642,85.78006938901355
2020-12-15 19:04:05,2020.955529545439,S2,,,,,,,,,,,,,37.96156469577511,50.376257461683956,105.30994125143529,60.52265902635069
2020-12-20 19:04:08,2020.969219080474,S2,55.327827484125585,,56.809301057924955,,,64.47712574269012,70.96906664785996,,,61.02791501767527,67.51781758629009,,51.05110151755688,56.97732400851628,115.31110411885264,99.8150270342632
2020-12-22 18:52:35,2020.9746948944878,L8,,,,,,,,,,,,,,59.75982726986735,97.80483759114351,100.77830699637505
2020-12-23 18:05:07,2020.9774328014948,L7,,,,,,,53.61131790721212,,,,,,,,112.8072250399624,126.69910292512502
2020-12-31 18:46:21,2020.9993360575509,L8,,,,,,,,,,47.34512732382293,49.623027648171195,,36.16700860507913,46.24290007594128,97.81342515518143,55.747103150972144
2021-01-07 18:52:29,2021.016427442042,L8,,,,,,64.0809522808923,69.78359071069718,,,57.22700055191288,69.11814644305741,,54.50233767077054,67.79393267285232,112.80929185368504,100.79360503534197
2021-01-09 19:04:10,2021.021903256056,S2,,,,,,,,,,,,,,,,
2021-01-14 19:04:09,2021.035592791091,S2,,52.74083843725257,,,17.29161346786493,53.99422225066972,53.62169492969582,,,48.76054603225311,52.4037919195188,,41.46944019376443,47.88378213577721,105.3052685068913,93.62553002572952
2021-01-19 19:04:10,2021.0492823261259,S2,55.31964575767356,61.44943565903651,63.82617864869496,,,68.6971578078192,69.31192690861455,,,58.184345476017825,62.436553604959954,54.62998428565903,59.40948071499224,56.89066266315095,105.3073306093385,100.66416103988651
2021-01-23 18:52:24,2021.0602339541538,L8,,,,,,61.42124355532347,68.04070364509191,50.6523821929444,,55.263549170692855,60.65584246999291,,54.55180305697326,59.00987781996281,97.81273088503337,100.77671428659832
2021-02-01 18:46:12,2021.0848751172166,L8,,,,,,55.64116777402765,59.627564562603766,,,46.015695528899215,57.18565150768011,44.6635989648701,47.57182329099073,54.766843081299164,97.8025445251412,85.78467167876909
2021-02-03 19:04:09,2021.0903509312307,S2,-14.194650750774512,64.12804163933735,,,,69.62451200527403,,,,,,,,58.00341603110661,110.90705462230162,112.10167629702045
2021-02-08 18:52:21,2021.1040404662656,L8,,,,,,,,,,,,,,,,
2021-02-17 18:46:08,2021.1286816293284,L8,72.8159552100622,58.98690414630603,59.31772139304964,,,61.74504246813069,60.67396472336915,,,54.61876358320185,59.13749262528512,50.01701157066513,52.56289847885944,57.523386709239105,97.80569823225353,85.76909870423093
2021-02-18 19:04:08,2021.1314195363354,S2,56.67944472428705,65.99834691612881,68.32159139828822,55.624449966007646,53.868204164379364,76.88127635961263,72.35634636545481,65.20448997462636,65.03121952728473,73.22946806497453,81.74094918998391,65.88284266173925,67.38476800851129,66.72549199493334,105.30600014506659,106.8073370849552
2021-02-23 19:04:07,2021.1451090713704,S2,35.3208628932021,62.48112503345127,56.49185857578482,-44.26619063732652,,64.22203581769516,68.83437428675848,57.84940267081798,52.08472075649556,54.095060894410494,62.1403345732833,56.0037149420379,60.15569755887962,64.36889524169588,105.30665010585291,100.40500158369686
2021-02-24 18:52:16,2021.1478469783774,L8,12.406489149604461,61.17385780086592,58.847293233481686,,51.924678865512995,64.26966993412086,66.22179530120884,52.84310019587259,46.134709982121066,52.46977828593204,59.95540078511945,51.26636424410533,55.66724553875524,57.77689800776182,82.80841267768733,85.79326480359306
2021-02-25 18:00:29,2021.1505848853844,L7,,,,,,40.30810555617839,51.29434104814209,,,30.465408074047126,43.43499593516354,20.04579233542427,18.530604656445764,50.75926596922698,82.81382600574906,85.79354523641688
2021-02-28 19:04:09,2021.1587986064053,S2,45.43733198918653,54.29207302053177,51.07836927071965,-34.324025640740096,40.043055818770505,51.80695414951071,59.41208596191718,41.380410355681796,46.61791037040733,46.574813520621376,51.398557729776684,45.77287567752557,49.87404481454181,50.829251150975104,108.32422118247055,95.95733341316296
2021-03-05 18:46:01,2021.1724881414402,L8,25.970263438840032,63.35571116385588,64.94303303960244,68.15999841732865,48.02897800308571,66.22924758258601,71.55817605265707,57.43942862553678,53.66667100402141,60.72458936662882,67.86063080064444,55.58558242036679,70.64787023553572,66.83079018829028,112.81565010643156,100.77690586913359
2021-03-05 19:04:08,2021.1724881414402,S2,57.21593725454143,73.85687694951719,66.53729874672513,67.38531388201099,61.80611983716882,72.44563283553991,72.47314278938293,62.71621013720937,58.838530708848594,,,,,,,
2021-03-12 18:52:08,2021.1916534904892,L8,27.074776354883173,59.01812452827677,58.88025045480014,59.090547741971044,44.95950030364504,60.53207416716427,64.83376341112238,50.605314099236296,45.32511807739351,51.71574836864974,56.37860136037612,50.08937901969319,53.57004820700303,57.43860598182274,97.81275058173836,100.78712921371942
2021-03-20 19:04:08,2021.213556746545,S2,55.34037800470418,67.7119180241154,66.37803069374557,77.16734056834065,64.47913492632944,71.61841966399324,71.99281556004968,68.14102627309762,62.625746370243554,70.4936204698853,84.81886355262009,68.79381919805647,72.26287405768177,66.30963421791273,105.31316105311157,107.12875931271478
2021-03-21 18:45:53,2021.216294653552,L8,42.83262792942788,64.10935520278775,65.95748010155172,76.58345737774569,57.32374114418103,69.52219642204287,70.81541752171219,70.0829522517916,52.742310189739435,66.41734423911,85.42515046449685,57.043907786023254,68.9791893420223,65.03309457328211,97.80024528076935,100.78450893679134
2021-03-25 19:04:08,2021.22724628158,S2,51.38144745715757,63.04222492286287,66.1936763000158,68.14764044698296,57.74704486536435,61.624555042601365,71.0627183958121,61.34830980869836,52.085365408397905,60.41340056512916,68.39210272651928,59.75932828942585,62.1294561952301,63.32552186287272,105.30837133599954,105.34489113251585
2021-03-29 17:57:57,2021.238197909608,L7,,,,,,39.014388068666506,49.410577050556945,5.562849334056783,,,49.17867696520658,35.018724428367555,37.389527457017174,43.62893860858074,97.81642109888543,58.6611918189631
2021-03-30 19:04:07,2021.240935816615,S2,46.58696190556442,60.524423951058644,59.49682187583848,61.629276881275814,55.297095484659046,60.31259492551337,68.38622502473699,56.60525746747548,52.90295809104012,56.7856509943483,61.29393835468467,52.1220405560475,54.80473748003274,58.081064776809505,105.30673259226752,88.79476128860755
2021-04-14 17:56:37,2021.2820044217199,L7,34.2145654452874,50.65396081521069,,39.17551615257414,38.92872615963173,54.259083420521186,56.01884158407577,43.43462201955994,51.21690712056312,57.23102190544408,60.39725334593703,46.454663480917816,,,67.79163278635565,70.78242303438778
2021-04-14 19:04:05,2021.2820044217199,S2,51.6132930452339,63.60644256607308,62.02407691823544,65.8768365092414,56.28834773945726,61.9284755349724,71.53411339817629,57.625600430950456,55.65564366999744,58.71045304674079,63.622975532970806,57.47939384564532,55.09478008185274,60.93551389388993,105.3143425765534,101.76513855001174
2021-05-04 19:04:06,2021.3367625618596,S2,60.43012340631647,75.45433590144924,72.13386032197609,86.3344867793293,68.50772626444055,86.70997599442447,87.38523997551118,71.62333493132826,78.59023732174914,87.63529177838046,94.31492856730566,72.52980101246804,80.94729376594123,73.34212450723732,115.30931145886103,113.29320449386394
2021-05-08 18:45:35,2021.3477141898875,L8,,,,,,,,50.601452857750154,,,,,,,,
2021-05-19 19:04:09,2021.3778311669644,S2,55.399372562730306,68.00210236447509,69.65739502330791,85.62641550005803,87.97099665031045,81.63211938630187,76.70063287064431,,,,,,,55.876362529496156,115.31487385022878,109.14351208658488
2021-06-03 19:04:10,2021.4188997720692,S2,56.4789912702926,72.22964994690733,71.33355751118721,85.62933046203214,85.02895517950175,82.14777801264869,77.10257482396649,72.19533633272081,68.72870993555814,88.8481692014203,,,,,,
2021-06-08 19:04:10,2021.432589307104,S2,46.293382234967034,60.36062414251028,64.7293008091416,75.62684071255282,70.5908135264998,71.41160361242896,61.045371008986194,54.68526179868178,61.12629713235639,60.56078535511824,58.8911652739617,55.88246215715126,53.53939660538911,57.49452215885316,105.31510471355206,96.62895987455789
2021-06-17 17:51:16,2021.4572304701671,L7,,,,82.06692747252687,84.37154668904368,79.78360385728968,69.59822902046186,65.60482174431837,84.23331958298753,83.93057984011347,70.35200584349117,63.891230563250545,,,,
2021-06-18 19:04:09,2021.4599683771742,S2,61.82829512343337,66.93774549536028,71.06420736343539,90.48880434313321,88.00276656825096,83.3347319126122,80.669177399422,68.6464401134306,83.72622063169067,85.17763241056423,72.81389771090448,74.61312851849874,64.87395124922801,77.49753757039898,95.31115983438484,101.45797758668978
2021-07-18 18:52:11,2021.5421055873837,L8,55.26784216661442,60.788388810399795,63.5670466065854,78.90664788111019,,,66.55232641231996,65.58589857329144,85.47688319975077,87.22563988811066,63.687542549189786,,56.01696017554009,67.50168072609358,82.80559610651622,100.7923573383535
2021-07-18 19:04:12,2021.5421055873837,S2,58.31283785670094,67.61858801057099,66.37173966088517,87.13596603761165,,94.65586377761146,74.88767070373805,69.44889088536911,87.28435488826707,90.40800766975497,,,,,,
2021-07-23 19:04:11,2021.5557951224187,S2,49.32392315028084,61.83537217579957,65.87020337838364,75.7049605752026,93.0447916367556,77.19768966846537,66.39918021323325,58.28943073268502,69.27159747473627,70.27415994552298,63.86892903501031,62.74350850620622,58.09918937693476,60.23833807513402,105.30715528273787,117.16132597707437
2021-07-27 18:46:06,2021.5667467504466,L8,52.173256242312355,69.765549005017,65.47781285122444,84.74681250719587,,,73.48632393824656,66.85533477153166,85.5772098650866,91.68619836251878,72.559912572594,72.71451456618757,68.92348471447366,73.03476975155856,97.79414416423724,130.79277979975424
2021-08-02 19:04:11,2021.5831741924885,S2,66.65129980420113,72.64447544165495,72.6230426706116,85.63006148913935,,,78.8274910635212,69.04811591995461,88.68870947310859,95.09804786148872,86.17472294807096,76.59287146623323,77.31892077741048,92.5971820938201,105.30945473241582,136.6540069628887
2021-08-07 19:04:12,2021.5968637275234,S2,48.64740514207075,62.126438941962434,60.13781738890831,71.89031571128416,103.47487615485046,89.71797165891135,67.6069020989896,59.15859074167445,80.23791288140907,81.38249475567989,61.69743803730101,56.13530995470408,66.59250496681763,72.59492728160511,105.30940323880827,103.40836278566891
2021-08-19 18:52:25,2021.6297186116074,L8,27.875446331869668,57.655475157630946,60.63045978224098,67.87613508288547,,80.70003684172626,67.53565545502764,57.365684783834666,69.98771611683782,79.23703890461768,61.29063090797859,48.571127376572875,53.681406019272714,60.38555941008129,82.80870347957315,55.73528648716669
2021-08-27 19:04:11,2021.6516218676632,S2,55.33045098819568,67.79786587712404,66.37420879752337,77.92385446144527,,,71.88060044726603,65.34437241644609,86.09141088374506,90.8400791807454,73.40559116021001,67.30637214913176,71.26663632769443,76.47763336769053,105.30905226205391,111.33376781272943
2021-09-06 19:04:10,2021.6790009377332,S2,49.555997153363265,62.41016835369006,62.87339759959563,66.92294957701586,102.4088606256301,,70.66844210835185,58.15174597351731,80.89735740500304,85.75228519076285,69.40839128266518,65.79281467018109,86.71208904140585,82.8816190889593,,
2021-09-20 18:52:33,2021.717331635831,L8,42.900002165023764,60.853648582082265,58.28181925562574,64.84787079890637,,83.97795789086834,65.92357897084398,52.992306162335524,69.70553207743662,67.9563373617302,62.10359127530975,55.656082037044996,56.463754353158656,59.86897064577018,82.80723782457753,60.08872435482478
2021-09-21 17:42:57,2021.720069542838,L7,-1.689155468473471,43.261724044724915,53.47174209867998,56.433204425297944,,,,,,75.20788670904744,53.46208955041294,36.46310229170922,46.33583512412026,50.62279840228102,82.80289386433778,
2021-09-21 19:04:03,2021.720069542838,S2,46.95611583292287,59.82660704220738,62.70485111576439,70.40409773377881,103.27793514230243,92.92845806468785,64.04231526132946,57.54121148345521,71.63680546313027,73.06658516382538,60.638220877600915,58.03072920075346,56.98690815793436,60.02326614156947,105.3077697643206,85.23986200315007
2021-09-29 18:46:25,2021.7419727988938,L8,38.22970705834078,57.750729685173766,58.822267749433834,65.16404082213013,91.37261817779239,79.55754445763301,68.19835708101574,50.591218313363996,58.729514900793184,68.36344234448973,54.46961337137387,50.857135542288376,49.71932018116274,57.51697840571299,82.8103066943812,85.79204908015403
2021-10-01 19:04:09,2021.7474486129079,S2,,,,,,,,,,,,,,,,
2021-10-06 18:52:39,2021.7611381479428,L8,,,,,,,,,,,56.654637725194455,53.570872252189695,52.90287320432438,,,
2021-10-11 19:04:10,2021.7748276829777,S2,56.144181074295815,61.377535721434384,58.84367228829429,58.126323648983,80.94266708932473,69.85227377183378,67.52600551274018,55.898138458701226,58.65595420174188,59.2682739816157,57.41878104921195,51.33094506241519,49.48694070164749,53.644758277603216,75.30343745031276,85.16576896194894
2021-10-15 18:46:30,2021.7857793110056,L8,45.341302942341784,65.28721445567326,58.85100002796467,73.76295740133521,97.06407467758984,75.29321641089288,70.76351602906672,57.70461749071603,62.00772389535746,63.867822839719665,64.0956486470643,56.09167376312129,59.20193829771799,59.88886614208822,97.80957302515948,100.79189438405518
2021-10-16 19:04:15,2021.7885172180127,S2,53.39360051009298,66.01827266641658,64.02344150374783,68.50658749166327,87.07151799888275,73.74973158212603,69.6952521305479,61.42436622160878,63.41415438553967,64.75482070854335,62.766315614397385,59.166970009995794,57.36751736240754,60.338756331182324,105.30502571861955,103.6398497979551
2021-11-07 18:52:39,2021.8487511721664,L8,,,,,,,60.28523414171626,44.99096672128666,36.728404297932144,54.43001993980208,59.93386534685341,54.44776775760606,46.93553009370853,57.807021758048684,112.81120680702719,85.78906761224928
2021-11-20 19:04:06,2021.8843439632574,S2,25.31887368867711,62.169007937379746,,,,60.68941498546325,70.20603032189373,49.74388240293948,47.32278036086575,57.57250425388992,60.62987096859093,51.633422171069995,50.33116280261656,54.006824064565016,117.10883089305375,110.75917145236784
2021-11-23 18:52:36,2021.8925576842782,L8,27.82680496947961,57.63646221010842,59.51549636107761,,25.30522780544908,61.50253280157069,66.76688883876923,,,55.33551231947781,59.83077253063593,50.52365387001527,47.74515189463859,57.06526002066698,119.65828118005444,130.79331183036584
2021-11-24 17:37:02,2021.8952955912853,L7,,,,,,,,,,,,,,,,
2021-11-30 19:04:05,2021.9117230333272,S2,-5.455580888149299,66.97852145998816,,,,71.61909887739249,73.02967172700912,,,59.837078635916086,69.43479278882597,58.008432247284844,55.43699833683107,59.648575634512866,115.29888599880023,112.01477053732665
2021-12-05 19:04:08,2021.9254125683622,S2,55.31749083607726,59.039708322694544,55.07664989829267,,21.23735321744415,57.44403549238111,68.79603314475361,,,47.357965025937375,55.27902302686537,50.40462498290732,48.84796423489864,57.302618601957896,115.2970479822282,98.96664638002414
2021-12-09 18:52:36,2021.93636419639,L8,,,,,,,,,,53.79201875344406,59.592704622358525,,48.013876849440635,59.16716642602596,97.80571853460722,100.79286965571852
2021-12-10 17:35:32,2021.939102103397,L7,,,,,,,,,,,-7.186593477599644,,,,97.8127658887555,100.78727792839902
2021-12-10 18:46:25,2021.939102103397,L9,,,,,,66.46164079516959,71.78139774318902,50.621997779082456,,57.20717572560321,64.92388519746214,54.339308527655305,52.04839614153473,58.58883396855939,112.81172692165222,100.7662582352078
2021-12-10 19:04:04,2021.939102103397,S2,35.31783779639256,62.999243251363666,,,19.932296274369236,71.61955820517866,72.0099484088428,,,60.82082767140068,66.53080673981745,,56.814828854992456,59.38911900900982,115.30763192876954,99.93816425767348
2021-12-18 18:46:24,2021.9610053594529,L8,,,,,,57.020087078980374,67.91307466208254,50.57564833339884,,53.87445859811801,58.55396516941371,,43.64052005134802,55.22797243761054,112.79729479459223,100.77047920065762
2021-12-30 19:04:05,2021.9938602435368,S2,,,,,6.055983237146897,68.54078012159451,73.51926807159893,53.13262693187569,1.6561451042878126,55.09252026855728,63.53714068225625,,57.90890753462108,59.140301213311204,115.30776431900122,114.36095051995365
2022-01-09 19:04:05,2022.021903256056,S2,35.31716042391918,63.25987091257204,,,,74.94267076836604,74.55617269993151,,,68.88229595394041,74.92333810082582,,66.4820354072869,68.50099541520902,125.31517103404173,120.42831965964035
2022-01-10 18:52:29,2022.0246411630628,L8,,,,,,,86.70485360255742,,,73.95712342284986,79.18295043298232,,60.739368081275536,72.39893048595862,112.79611890640078,130.7784612904914
2022-01-11 18:46:19,2022.0273790700699,L9,,,,,,64.1269422651387,71.55606949945798,44.443037337359684,,,,,48.731522143668286,59.71696913965161,97.80007096698421,100.7779141386316
2022-01-19 18:46:16,2022.0492823261259,L8,,,,,,49.54050643125304,59.978977975396745,,,50.45721756606747,54.917111697316216,,42.59244322913738,47.1850630254994,97.8063006847097,85.78004479781637
2022-01-19 19:04:04,2022.0492823261259,S2,35.31606398472157,63.689646100278466,,,19.711357594052757,63.20087414342443,71.60355287020568,48.7286633282785,,56.03098762574629,60.95892294275352,,55.69060433228632,60.456645556640645,115.49646758126843,98.6605242008429
2022-01-24 19:04:09,2022.0629718611608,S2,15.314976672302477,58.318437595223656,,,,69.85873982761692,79.44169994677861,43.70580473626689,,65.58068938946697,66.67909444809773,,52.09275082734666,58.48599145053072,115.31362037169772,111.66831546926922
2022-01-26 18:52:24,2022.0684476751746,L8,,,67.61066914461269,,,76.02572426913855,79.80824344584659,56.27335286646616,51.2344753362278,72.88241266452148,76.06145430496596,,63.60303188776464,67.20751093361541,112.80857482050132,100.76819931707539
2022-01-27 18:46:21,2022.0711855821817,L9,,,,,,73.64370016779512,75.73283943955661,58.09125908598502,,87.21297505319417,77.20994858222065,,57.29231131910706,62.15504620150323,112.80945615401382,100.77089820903765
2022-01-29 19:04:03,2022.0766613961957,S2,35.317928991564806,66.32212672458903,61.46629385832846,,,69.83196506203768,70.66957324271236,,,74.77494922814004,65.57614811123787,,67.70839079177223,65.32649286233637,115.30480286000834,108.72408748836816
2022-02-04 18:46:12,2022.0930888382377,L8,12.824270762177239,55.4701885342368,58.90844195143797,,,61.98642812201987,68.2390479120921,35.61154389125378,,53.63151157857735,52.886625962638675,,49.06021069067575,55.278590891791566,112.81544752576048,115.7804406546386
2022-02-08 19:04:03,2022.1040404662656,S2,65.32029770579203,73.11778547065958,67.2926260133642,,,82.65435510464538,82.28701302785325,69.83066148277695,79.41448821371645,78.85705833685833,85.40083897890982,63.84725767440666,74.08230247335504,78.70115948087395,117.05147589790288,113.29369080139254
2022-02-11 18:52:21,2022.1122541872865,L8,,,,,51.96435859763976,73.72624572983068,73.42085069993641,61.30969507108215,76.40165467479196,88.76924790970529,69.71471687527449,60.494835794426734,73.59550482328244,71.77706162333062,112.81154567631654,100.77605798771985
2022-02-12 18:46:17,2022.1149920942935,L9,42.82707163645754,58.04212140755081,58.86361568034755,,,72.13952405665388,74.07347272490483,,,88.02490087694638,65.22646709362422,57.37410435064765,73.79183541912657,74.25582552744338,112.80811726152974,100.77794923313921
2022-02-13 19:04:09,2022.1177300013005,S2,15.328696404068895,65.6264616438099,64.48871436192672,,,75.45711561402285,75.50078535516633,57.16233954562341,76.0047837852335,80.62015540939655,69.4882965110529,57.66199285030655,71.0503804749645,75.89193040308808,115.35878243481488,144.2653960822459
2022-02-18 19:04:03,2022.1314195363354,S2,55.315425306675216,55.771186437246335,54.4715447680565,-43.44110689568192,,65.16736011509288,68.14749295646477,53.75704705101356,48.75862620398047,64.68512301386681,60.471519781324474,55.38678469739315,54.64863818277421,58.26274561704896,108.61371866253067,100.49778893161489
2022-02-23 19:04:12,2022.1451090713704,S2,65.31677229198674,67.60578188930093,69.45348564134633,69.13004219049049,89.92233071442338,79.94365263723097,78.94558393194633,68.3257775753936,73.39158953419569,70.70340298563575,74.93179328039277,65.57550764834357,70.99807611269358,76.47066253794117,115.31069800707556,113.62260297300763
2022-02-28 18:46:06,2022.1587986064053,L9,57.81820091317728,50.67717298811571,49.48668394780174,,41.186788268237706,61.120879385154424,63.29849942099892,50.606632274243346,47.65295707541473,62.735471383312046,61.171577969725334,50.48524050913661,47.66814999855165,57.59792871171188,97.81354257317057,70.77659209604849
2022-02-28 19:04:06,2022.1587986064053,S2,55.439708514361676,64.13850753054608,59.93020871324578,-34.307843751045056,52.53475591155732,66.67172703950945,63.64625743384411,52.0819992995173,52.08963943975969,65.3406648710339,65.36500603311283,55.65718162270659,50.597051016529505,59.095082127618355,105.30284035950507,98.57578435753439
2022-03-05 19:04:13,2022.1724881414402,S2,39.407817867418615,62.44889770079378,59.732625058896474,47.25189558161029,53.9448009425746,61.61475560592203,62.5193219546193,52.06710881146177,50.95740397337138,57.070020453797824,56.19234625831248,52.85128148199278,51.34176563140305,57.13715330406642,105.30641339442089,95.41926471136874
2022-03-08 18:46:04,2022.1807018624613,L8,25.401244390624473,70.50651567642883,64.1392383927413,75.80371793359939,81.9192017085117,72.96389441124447,73.21972999979022,65.5883324546095,81.94820297740544,68.61298709005965,82.78552340741088,57.56964344859609,70.70591604202717,67.09630369344725,112.80767137573034,130.78011269028147
2022-03-10 19:04:07,2022.1861776764752,S2,59.777688705838024,73.72085255578283,71.82952436607127,85.62522535332882,89.66732692251679,81.62631998141465,82.10769718601595,67.53094400058129,88.82679879810891,70.47999675745908,84.40198964622502,68.67967809428339,79.2670380780357,78.92602651531463,115.31643147375355,115.10477336399791
2022-03-16 18:46:05,2022.202605118517,L9,28.581949317673846,51.17524334168141,50.71027393639207,59.60913458237612,53.57563250678994,61.55336693756129,59.901695268616415,37.54345092410564,41.332913272493194,49.802327921648015,48.94705959194952,40.56624442132617,44.519848475529095,50.76957517175849,82.81136989938821,70.78430193681093
2022-03-20 19:04:07,2022.213556746545,S2,45.36330338936703,60.760831290096704,58.68916220059324,56.8365660180456,50.597117173187996,62.511784242036086,63.81139096504554,51.862556494089105,52.8004731256152,54.74470242078281,59.90307145459778,52.21743384229478,52.28893876142253,58.32227243631908,105.30862008956106,95.56051143878783
2022-04-09 18:45:53,2022.268314886685,L8,,,,,,,,,,,,,,,,85.77112701087947
2022-04-09 19:04:06,2022.268314886685,S2,55.32952221284387,69.58087781339523,66.37170018732384,85.62744496682461,85.15955362492419,77.91286543761187,74.2453873686268,65.82867784201724,64.79943341675934,73.03079739416299,77.9319219092028,63.59964761012885,61.254320646233786,66.94956193419459,105.30968657638967,105.636574679454
2022-04-17 18:45:53,2022.2902181427407,L9,42.839623816102815,60.809024701517146,56.06651410829255,,,,,,,,,,,,,
2022-04-19 19:04:05,2022.2956939567548,S2,48.67325504614097,63.402328521235624,63.08264296249185,62.18875250324759,64.42901186518063,71.61816856688743,74.8033532694465,58.26621225444485,54.18625835023498,65.50344551293688,68.8828930881877,59.90705608654692,57.81938579902324,68.68709401705888,105.30793789068248,105.46547776631776
2022-04-25 18:45:51,2022.3121213987968,L8,50.304145406665036,62.49306162756837,66.45800020518371,87.06466598482734,66.94577278276356,76.83385843038897,70.30696775091252,63.389896982977575,61.79888017290031,72.20382040104725,69.50360145032744,61.12934045606576,56.31778406573381,65.14614043916458,97.80881745587915,85.77159008759678
2022-04-29 19:04:02,2022.3230730268247,S2,51.560958945059184,65.87209796883754,62.5521783015189,68.66735426934095,58.34838873477093,62.82697100563792,70.66286355862042,58.78991826568758,56.42623588344138,,,,,,,
2022-05-02 18:52:04,2022.3312867478455,L8,,,,,,,,,,,,,,,,
2022-05-03 18:45:48,2022.3340246548526,L9,42.8388237806567,62.63999198370093,60.67105994567191,,,,,,,,,,,58.827794628845155,82.79863015626212,85.7778494235307
2022-05-09 19:04:06,2022.3504520968945,S2,55.392199038034455,64.60395692466973,58.40649144854245,75.62688736237192,72.92065983838475,82.10753517678523,79.09747584745458,70.47456570989469,68.697246634295,79.1230844427417,84.4063896523936,70.97834220041335,62.87443241991934,66.91893664706078,105.30400745731853,107.26769350520019
2022-05-11 18:45:59,2022.3559279109086,L8,48.53284802527447,61.84300313685804,62.62020470194926,81.71259836462207,66.99652488007482,72.7380369236181,72.2746825097892,71.84459970761884,59.57533803978339,62.74879833448189,76.82753332016306,61.27881121727084,61.917315014043226,62.755791235586,97.81230378193327,85.77622355945557
2022-05-24 19:04:16,2022.3915207019993,S2,55.390299915407184,69.83320127760066,69.33273355860314,89.36807273717203,83.1353085435888,74.92621600171853,79.23012942574103,66.4949088283602,75.13803955843527,79.03027790640658,81.82760802488401,63.56746972294117,60.542479037194724,71.99784762957175,105.31151847956437,108.91152152676571
2022-05-29 19:04:09,2022.4052102370342,S2,45.74954145651687,61.93383855177576,60.704116701578535,66.25905758083793,61.63084553094858,64.47300392501101,71.30036228632372,56.7717950232328,56.75964699153293,66.57915144514445,61.12500963186651,54.96633350686731,51.68575030541857,61.40429637968366,85.30716709863647,98.05293518313951
2022-06-11 18:51:49,2022.4408030281252,L9,27.8849915395651,51.963378665560946,54.413649253424765,64.03251816688524,60.89494264191241,54.1096011574574,52.81964588350134,42.62370473277938,47.74650747061506,62.720232196283504,52.89008514676449,49.03108650040894,43.41422418105747,52.353971618142936,67.79881635514471,85.79225870967076
2022-06-13 19:04:19,2022.4462788421392,S2,47.722215808233116,59.69810180538927,61.55313284511974,65.6297636276437,69.971548616002,60.63673088877888,67.82460228661142,59.303992809504535,57.855417914677474,64.76371303530927,58.988949466125156,56.10298916013822,52.28061894006084,59.35273873238175,85.31472703752763,93.52995281093888
2022-06-20 18:45:49,2022.465444191188,L9,,,,,,,,75.6396964649999,84.43424989263046,91.52083475324311,86.4429464730844,66.85394581526313,68.81890983752025,77.18124117134286,82.75653275063011,115.78824213299703
2022-08-12 19:04:21,2022.6105532625584,S2,61.58549942786719,62.00424103107095,63.00654632824503,77.13549131537283,96.55883973687158,94.22744903279882,70.65619447318791,57.52093788255547,78.71327860199276,84.67916065812736,68.93565926624395,67.927471100315,76.99219049004651,86.20328765801113,115.31583082961485,128.34835813232135
2022-08-22 19:04:22,2022.6379323326282,S2,55.33475897761209,65.92238508808877,64.28763403087873,78.22415741983738,,90.74781899000287,76.28654991869182,67.27027202789802,79.9426764378035,83.26897532339255,67.03323063041236,66.69890006198092,72.98784341203034,76.34166778160028,105.31471543663433,138.20717684822594
2022-08-27 19:04:09,2022.6516218676632,S2,48.958474025809345,61.80766229675578,64.5310812518991,70.31590287398375,94.43656528254255,86.92525169412447,71.9639616898139,55.53108130511877,71.83205763219735,78.0308244728909,61.63994058564553,61.63758511391128,67.01503771523392,65.96092559207577,105.30674902686904,97.55562516212848
2022-08-31 18:46:36,2022.6625734956913,L8,55.98875793558506,70.4901745255206,69.5365821143809,87.6116008868966,,,76.07512607373066,65.59930808756357,88.09317049823547,91.05619220963479,82.80107805569799,77.03385749236573,77.76509312855578,,127.81322654651424,130.791968632131
2022-09-06 19:04:11,2022.6790009377332,S2,50.5940360370902,63.00724103944381,66.31573685484601,75.62550158356147,,90.95003370790181,72.23847098769387,61.51637561075114,78.94827496263309,79.33857513719165,62.962652780666005,65.68417965720965,71.3887786905265,71.93888699641434,105.31303041765855,103.98681787935973
2022-09-08 18:46:17,2022.684476751747,L9,42.86206291529636,63.412142415399536,66.00135625944166,78.35900556347393,,87.42143065728017,71.75700726947025,56.53051388459377,66.17985204690115,82.36447408109575,64.15723445356952,59.28312380473203,64.51696069534916,67.63583479141967,112.81051269425474,115.78502562789399
2022-09-24 18:46:25,2022.7282832638589,L9,48.94627537650486,58.30356533417252,59.11249671996193,47.33453174078436,,,67.87101025365035,52.78031395479943,73.2594358616249,79.3927369644912,63.196901599548134,62.573192496683426,69.46786650216468,,,
2022-10-26 18:46:31,2022.8158962880825,L9,,,,17.424594884126712,88.4235889522046,72.6212608961834,68.20510897181641,50.57612103031813,51.231191146042526,62.517730982836504,52.808104794615296,52.69338425495861,54.49900109607745,59.41933546016039,97.81124778106212,85.77664146534877
2022-10-26 19:04:08,2022.8158962880825,S2,55.31626867986952,62.83341893875879,57.70080380998775,25.030724417188235,90.61309474543529,76.20751241243062,71.06810944672816,54.16867028338085,61.92450263180065,65.60146931099703,60.90597406674062,56.20019707300626,61.76297856384416,66.49202424467137,117.40082417424819,105.24776441512479
2022-11-03 18:46:43,2022.8377995441385,L8,72.82065272013111,58.08268217818372,58.8605167028229,,,74.55250018312404,70.63614284517715,54.37484101099675,58.59183999399794,65.87704877172067,63.81118269801166,54.942840783077195,62.33135814477886,60.702070320346586,97.80765896864565,85.77958251717625
2022-11-10 19:04:13,2022.8569648931873,S2,47.04403254103945,64.40509171250558,61.8434683290988,-44.31637871738658,74.46374528036668,70.20158799932544,71.05695827795462,52.18060121861223,50.00841853677257,59.47350016926874,58.57169659586896,53.55824880336861,50.81446026841438,58.7416936133793,135.30882638209775,113.2937013146238
2022-11-11 18:46:32,2022.8597028001943,L9,42.82041201931922,54.73162888360341,52.84388309401642,,,61.798065481291204,68.30478442029363,,,53.49899029200702,54.428959403812414,45.3254101906164,41.22454560872794,53.22116267943274,112.811952534293,115.77088904286275
2022-11-15 19:04:09,2022.8706544282225,S2,75.3160305617129,70.85750524938615,66.87769600809474,,,83.0914111394225,75.38979547540741,62.86484844154898,58.674769367183224,77.32814404321971,67.9838338034262,62.46560241036264,60.35252703262113,65.00854178274804,117.81032048783413,114.88765856004152
2022-11-19 18:46:36,2022.8816060562503,L8,72.8307855533417,60.003797979751894,63.306666094621214,,,89.8538872526423,74.54655624244191,65.57861193636211,58.715083038403264,87.30841538561863,67.87541201339933,57.60980097241104,69.52925043369306,68.17924621039039,112.8112796423971,130.7897939335778
2022-11-20 19:04:10,2022.8843439632574,S2,75.32117849664579,72.6263383314433,70.17207733014452,15.738809008602066,,98.30120125636336,81.29425742168897,67.55954256826496,67.10433692969411,92.33521925366284,74.44558679134508,65.80195974222902,75.10818303928782,77.85406210906196,120.04164680411469,123.50830558815093
2022-11-25 19:04:08,2022.8980334982923,S2,45.32045019245442,63.14029495329957,56.37045031841555,,48.646324667642325,61.582635800508406,62.60786674677685,48.76450775822806,48.711787452103145,52.21500336886062,58.593787583409934,54.85670744513999,47.021336358735255,57.82705485869144,105.30757731776646,92.02177627809222
2022-11-27 18:46:30,2022.9035093123061,L9,57.82066137436019,58.696881493999754,53.05641946427486,,,63.73645192757225,66.76226172698436,,,53.47672838084155,58.48468236669931,48.070150244498,48.95030025138824,55.56002929338642,112.80384777067263,70.44922958049658
2022-11-30 19:04:09,2022.9117230333272,S2,75.326657525592,67.2018368917613,63.01522786775095,,,78.62713894159042,73.54825775555224,60.962697582468806,63.198174108364974,73.23703225202138,66.32093051994369,57.041628825562285,70.07262719860677,64.64347916022767,115.31033704361546,106.70280038043764
2022-12-05 18:46:38,2022.9254125683622,L8,,,,,,64.143474649432,68.2122513702173,36.24319075545091,29.006091359819678,57.22982114257562,53.35814270810432,,41.92356660037734,45.9603891961507,97.80850348318415,85.78142111568364
2022-12-05 19:04:06,2022.9254125683622,S2,75.31776377275408,66.85742275945569,,,,81.61332229138395,74.58989397904183,,,69.75033192519219,61.39290970265526,,59.830773628522024,64.58214466414762,115.96555921485451,108.67363176176765
2022-12-13 18:46:31,2022.947315824418,L9,,,,,,64.1290996851529,69.48655557867579,50.553498487477164,,55.38138433510004,59.50251196182485,,42.88134828769028,51.55664445848193,112.80966238817169,100.77059693607319
2022-12-15 19:04:07,2022.952791638432,S2,-10.066672188849092,60.950818273257525,,,16.03436247565112,76.81419814343496,70.7379567001304,,,71.17625986788265,59.25702388053776,,51.448707136459625,57.91449530246503,106.97910416098732,120.94805093131549
2022-12-20 19:04:07,2022.966481173467,S2,25.320598369502807,72.99459786029115,,,14.447274654976734,89.93116535103263,85.3282647836266,,,83.0662511301835,72.58995739428647,,59.79510818692223,72.95935269839029,135.31581411302355,146.03977183740045
2022-12-28 18:52:40,2022.9883844295227,L8,,,,,,,,,,,,,,50.791819462653535,82.80238243268252,60.06360516293908
2023-01-21 18:52:33,2023.0547581401397,L9,,,36.111202330598886,,,50.62541260396159,58.62911029632012,,,46.64624205739452,52.86101589303111,,43.02635739456248,52.7838720762588,97.8109200978266,85.7800714015072
2023-01-22 18:46:25,2023.0574960471467,L8,,,,,,,,,,49.57165973503864,47.896990067532606,,45.06745860056197,46.76626973301562,97.80736421699858,55.737942800385646
2023-01-29 19:04:07,2023.0766613961957,S2,15.315877176453418,65.512667520947,,,,72.84929388170303,73.06073500220312,,,63.24854616495139,72.14294780205798,64.01272631844714,63.97193130058147,61.38361971410938,116.72984744633676,113.29282792241948
2023-01-30 18:46:31,2023.0793993032028,L9,,,56.87875849358899,,,71.24376796300812,77.7893809615259,52.74248082946697,,57.96444537447818,76.63469255271067,58.348673691195756,64.8949309211643,61.207119221111064,112.8079923403316,100.78267601187214
2023-02-08 19:04:08,2023.1040404662656,S2,-4.6614658946086225,58.6170811063352,54.74612770122684,,,61.632072523375896,64.86238275651948,,,53.385441315758825,55.413123761032395,55.11557995552836,56.95765502850962,54.139159707351475,111.60202190542402,99.22702107709674
2023-02-15 18:46:31,2023.1232058153146,L9,59.20486506938854,64.70014907280225,62.59810333680675,,,66.71494561288745,73.69907739248555,53.50782541455281,52.48101243722233,70.84385821005372,70.47941803226018,57.89133233656469,54.47900594667578,61.63990898823797,97.79743265382746,100.77766384326945
2023-02-18 19:04:06,2023.1314195363354,S2,55.315430604121,59.481389906758444,56.49631013365715,,45.56270174040752,62.14919431041135,69.80042244156013,57.84396212272817,47.01096122247055,57.50015806602094,60.368000768913646,58.592112346094844,56.341418389611604,59.51722162137753,105.30679464375366,89.54883391352114
2023-03-03 18:46:19,2023.1670123274264,L9,,,,,,,,50.620968866258096,,,,24.492179073836397,59.029499240217255,54.410898391318376,97.80560870550688,85.77071039378527
2023-03-05 19:04:12,2023.1724881414402,S2,15.432353391171675,54.534421941612194,52.788502208612584,,31.964851726820328,56.99564319914412,62.03003467736622,54.19445094860213,49.9857182750126,,,,,,,
2023-03-15 19:04:13,2023.19986721151,S2,59.410556276919195,70.35606576388777,70.65584404114094,78.59912672057665,63.7056107972126,75.25737589467575,80.65927817918514,68.29243047942103,68.67796320830409,74.72180236376303,87.24148419615722,71.40717247889515,67.05596162256388,68.026913588814,115.31614484609008,108.95827441790291
2023-03-25 19:04:12,2023.22724628158,S2,50.50036721300869,63.10128070072162,63.33308133900706,71.07800221913483,60.19880017078105,70.75462051940409,72.38188855775527,58.414913207740945,56.56596923738336,56.283973874410435,64.54636577305712,66.3317628683865,62.38212245085066,72.65649291893153,105.30770802043574,103.54174525011555
2023-03-27 18:45:54,2023.232722095594,L8,42.87798005722363,69.89761029550267,68.68671632902547,86.59338920485608,64.72080986854044,70.27818574529037,83.15620805662535,70.35622885203544,77.50776763997185,72.22407642884538,,66.25387116038995,74.21874035346283,70.71069884280374,112.81075369329741,115.77628355255283
2023-03-30 19:04:07,2023.240935816615,S2,55.64120177045103,68.41642270418383,69.84612758622553,80.5756839897047,64.49837969213529,71.63386558330949,77.78146215488295,68.14252101826688,71.3400145119767,68.69175668948884,89.15503491217338,68.8904694141987,77.01551441682312,72.68691232227417,105.30631374400976,113.29362947075875
2023-04-04 18:46:01,2023.25462535165,L9,44.7234348098776,57.76452982097072,58.84453144436044,70.76090839281014,51.91791296527907,62.14685389417275,66.84367165308447,58.661782072862984,54.31405135549751,53.70187022950087,60.4891771009099,57.35372324232787,56.64301243355082,57.57715689465411,82.80236331058248,85.77550937280029
2023-04-04 19:04:12,2023.25462535165,S2,48.6378617876135,64.04315022962274,61.306804211040145,65.62557265370485,53.657116852032516,65.0436446146133,70.66840397136379,57.5295976375827,58.13810451332213,52.21081411415453,61.96464748192909,57.714154504290086,58.29469989105456,59.278657372290034,105.30390030517705,96.93033170057079
2023-04-09 19:04:09,2023.268314886685,S2,52.16484859128221,65.7599875293284,66.17676058583808,75.62851109363432,58.67685012040638,63.72206586528583,72.58688302526613,58.54658593365642,57.21138165174331,60.66267963490038,68.97656635431508,62.3758261290841,61.87130139600587,60.28152059227603,105.31038055976025,110.73815246666116
2023-04-14 19:04:10,2023.2820044217199,S2,61.557534940784365,69.02259330372958,72.15334607711803,86.91841947676376,,,82.88698477898444,69.00640040179323,67.0236135723579,64.67190278648688,,,,,,
2023-04-19 19:04:08,2023.2956939567548,S2,45.72566287451614,60.08261033020683,61.2607250344641,65.62634868615143,50.25600197738321,61.63559931865733,67.80492152776779,55.00127721566325,55.66245950963763,57.1956633875584,58.301545671362476,57.168229845544,52.03896448108502,56.84482769739027,105.31432009911205,88.94193494623558
2023-04-24 19:04:11,2023.3093834917897,S2,53.51474720713762,66.91396280207566,68.04686556491914,77.28586425778799,64.98952721906119,71.83245728045368,78.04837825304239,66.44962432161147,69.81317681060956,78.07574135872431,76.31652485351722,65.58891388164295,60.91727925131579,67.14596272197959,105.31103640124168,105.13280688780324
2023-05-21 18:51:32,2023.3833069809784,L8,,,,,,64.14244848310128,68.25892843067582,49.300262366589415,57.344313415733524,77.27457584029742,73.75925420860744,65.08310375974757,60.29482146298887,69.32423302052906,97.68974082362442,
2023-05-22 18:45:35,2023.3860448879855,L9,,,,,,,,,,,,,,,,
2023-05-29 19:04:13,2023.4052102370342,S2,55.33445749700664,68.81654862594304,66.38788427305023,86.41044967058689,,,,,,,,,,,,
2023-06-03 19:04:13,2023.4188997720692,S2,47.08192598016128,60.88778794157031,62.976085841876866,65.76923402795232,54.70767492956037,62.18238424041585,67.22436836441685,57.366435721235426,59.68147089054977,62.443100501007706,57.185298001168114,57.387729731235915,56.33524740013655,,,
2023-06-08 19:04:13,2023.432589307104,S2,,,,,,,,64.42134520643957,80.34136949937508,87.60940297588044,82.53338831880308,67.38803754509627,,,,128.43632880525365
2023-06-18 19:04:13,2023.4599683771742,S2,,,,,,,62.366100506756304,58.459007744836185,68.7021323672272,67.89978370811535,58.39351648213376,57.47873367137256,60.637039452837875,59.37930606584513,105.30983145871937,103.29325417178704
2023-07-08 18:51:56,2023.5147265173139,L8,,,,,,,,,,,,,,,,
2023-07-17 18:45:46,2023.5393676803767,L8,,,,,,,,,,,,54.80196310567272,66.22420700373642,,,
2023-07-24 18:52:01,2023.5585330294257,L8,59.38292348915114,27.332904780463814,20.264031546589305,35.19685662709111,81.3954236435157,,,,,,44.678142452780655,34.41924573318579,9.506609214630705,,142.7895177429315,
2023-08-07 19:04:14,2023.5968637275234,S2,55.15289195868677,64.78606008574039,58.386906239812205,47.42998773417925,98.95536499208093,90.51997256461813,72.05693639155848,61.52994100482809,80.58804129900902,86.24202040357721,67.51266824453104,66.49817702910619,67.42677358849485,65.37024520333323,85.30891883561748,110.24148644977295
2023-08-09 18:52:06,2023.6023395415375,L8,,,,103.20576208396115,95.76114970840699,89.48631182691244,70.46098707479025,56.73836969439531,82.08163716752097,87.57897391172287,66.29501412942832,63.88542926361188,63.63578797778296,63.841594588488924,97.81381383000003,115.78310537065849
2023-08-22 19:04:14,2023.6379323326282,S2,55.37648951684754,70.17615802843034,66.36845888605056,55.67675137278762,,,79.42854796786334,65.04915119655978,84.9264254070484,85.24387388148138,77.21606769407583,72.98308977815111,81.35587029726298,78.81909125142417,115.29983708438048,127.29405508389773
2023-08-25 18:52:15,2023.6461460536493,L8,,,,,,,,,,,,,,82.17622465558483,46.758964705151044,25.784156119517473
2023-09-03 18:46:03,2023.6707872167121,L8,42.93734909934751,60.88004640770274,58.8734409473051,68.17202087240658,95.83046727551113,77.92025171694331,65.76054620107172,55.48986852388005,68.62458503516521,72.21670976654791,61.22471857951776,55.556328278349156,49.1452528368255,58.701160893128325,97.80876044043134,56.45020184452195
2023-09-10 18:52:16,2023.6899525657611,L8,,,,,,,,,,,,,,,,
2023-09-21 19:04:13,2023.720069542838,S2,46.21700740774002,62.05112874441272,61.26051924702903,59.42549021927962,83.52646404978759,79.44428288569824,69.48888792014547,58.16351990101349,67.48158783013717,68.71328719838479,60.451480996529746,61.84053077508984,66.4641052343554,60.244246584216675,85.3141182344039,97.04547723311185
2023-09-26 18:52:22,2023.733759077873,L8,,,,,,,,,,87.20275820205005,67.84158958574082,60.435992614722224,47.40369538053317,50.769443289422306,97.79532461866897,55.72589656972034
2023-09-27 18:46:04,2023.73649698488,L9,44.176532060379245,57.119081673123965,55.99418362446939,61.77451078121169,59.00261040280617,62.09993474260959,68.13942349646695,,,,,,,,,
2023-10-01 19:04:11,2023.7474486129079,S2,38.10446059224828,55.3286167167917,55.663430140437654,45.62889149962963,53.759339853798906,55.4632590121466,60.66557101452776,53.045564388441115,46.44863141757189,50.33704342638636,51.953032229067006,53.13283012950131,47.014751332610196,52.61819358598079,105.31230706173744,63.24182804026833
2023-10-05 18:46:11,2023.7584002409358,L8,42.887523949651,62.63934151249602,64.67348674056461,64.45558010599235,66.69345436763187,67.8280783927389,70.53613236112503,55.1256164692188,51.25229736344241,64.50591577632545,61.50836683664867,58.22082506930516,56.69617716463278,59.67975714629013,112.81102125165121,100.7756942811455
2023-10-06 19:04:11,2023.7611381479428,S2,55.38726501379348,71.16921754519676,67.24695310551706,69.48520832941195,88.33797226040487,81.63210571119146,70.92958727101957,62.435088127291294,63.025697878493,74.76629250457326,66.21690577598773,65.12087471816793,63.081054608451204,62.75629777275819,115.29679375943874,129.41157723443237
2023-10-11 19:04:11,2023.7748276829777,S2,55.4088379114284,56.635766307140855,59.99624761313873,55.62987536015684,64.46024517512771,67.57337117530662,68.88294241824603,57.07288682794618,57.710624989469565,60.49670440384879,58.360677831486015,58.54972718306175,52.63509294285192,63.253333940223584,105.31514076624644,90.28966232544977
2023-10-12 18:52:25,2023.7775655899848,L8,,,,,,,,,,,,,47.93136928655936,56.16255775381453,82.8040704954152,55.74718033778601
2023-10-26 19:04:09,2023.8158962880825,S2,75.31499045290663,64.58821470451028,60.897798484746055,-17.13543688043049,57.70395012903626,67.76690628056403,72.59218185270083,59.42810441174909,60.244085133129026,64.56011454839853,64.32548233306696,60.11733543021022,59.38551106739127,59.39277003440401,108.46332578813359,108.43604352063024
2023-10-29 18:46:15,2023.8241100091036,L9,,,,-46.69452471729909,39.70753625095033,62.065938114281906,68.52870031075369,50.602879551265914,44.584170797324965,51.22177796666361,56.18135583276111,55.98334524760128,48.37370467945552,60.51558283586321,112.80239683445411,115.78929403890223
2023-11-10 19:04:11,2023.8569648931873,S2,52.2115039630311,62.440788041688535,61.30282298038102,-44.29088833084449,46.62117400750304,61.61638024278065,66.98163015370457,49.21653970323863,47.779432862523166,54.683968817072525,59.91556782765311,53.28782897588721,49.64140685980636,56.83918270353184,116.86475704763143,109.47220667818763
2023-11-13 18:52:26,2023.8651786142084,L8,35.583714706791355,54.25116211904795,52.94960571368161,58.67534207069195,61.12844774682578,57.231843905618696,56.21399947594841,50.593667883284006,47.58811495163101,54.35789437666088,49.223344213488886,,41.05832065947877,42.126527134046285,67.80052459723561,55.76510070881705
2023-11-20 19:04:06,2023.8843439632574,S2,45.43564179485942,60.48667697837777,57.340261305946015,,,70.02423593235585,66.91585025977317,52.67981736457134,49.083694337357684,63.39251611225429,57.507275079960145,53.91948661645334,57.02157217007606,56.153343224562974,108.99359209764798,106.88711002772943
2023-11-22 18:46:19,2023.8898197772712,L8,42.827758303845606,57.00751296836734,59.13750034063965,,,72.68553150823178,70.556124512512,,,63.92637065408071,61.32828882100485,53.26969228445642,67.14855891993206,59.69890706596083,97.8021259629791,100.77854100064614
2023-11-25 19:04:03,2023.8980334982923,S2,55.436970171244724,60.648767998040036,,,,71.62947150661854,74.20453054012842,,,53.59317768112454,60.9850480080015,,55.226516418762024,63.25263828560994,115.58783285855732,106.59747206290704
2023-11-30 18:46:23,2023.9117230333272,L9,42.83132685480878,55.47773051856324,51.33357551187035,,6.948463419044032,60.84585950305348,68.18548358091775,,,53.553371252143,54.00662064549326,,45.550810604320255,48.69361154450554,112.81507921175846,100.7917078105957
2023-11-30 19:04:06,2023.9117230333272,S2,25.31644189985754,61.75720104286613,,,,66.1725777346365,64.92303309848282,,,55.99916336811273,57.36574459680974,,52.15524172416595,56.70706676505134,114.17752915953103,103.37093243643558
2023-12-08 18:46:11,2023.933626289383,L8,,,,,,60.633801814664416,68.8676959773617,,,57.234402773086934,60.15755342248642,,48.62131833507065,55.29100562481538,97.80299151131175,85.77754188595019
2023-12-16 18:46:24,2023.955529545439,L9,,,,,,60.81329231626219,64.39935496436328,43.06192735438033,,57.22984662184409,58.37365500272906,,48.16784707669772,50.8195437218578,112.80780557177142,100.79264916082967
2024-01-01 18:46:21,2024.0,L9,,,,,,58.495383174052186,62.48981275246614,50.58859445921544,,55.711774185175834,59.13694785545892,,36.98725313134588,60.745974599659405,97.92305151404466,85.77393181003953
2024-01-04 19:04:06,2024.0082137210209,S2,-8.597176766874396,,,,4.474118439163575,65.6108253129699,69.12322842525614,48.14232186426617,,66.97729214598635,69.56456143374021,,57.967506019374284,63.24905964941337,115.43266502471778,100.87444307510835
2024-01-25 18:46:05,2024.0657097681678,L8,,,,,,,,,,50.24477927615258,47.58191878885555,,36.451732919342774,50.78311965534081,97.81600382477754,55.73776085921646
2024-01-29 19:04:05,2024.0766613961957,S2,35.380473276534794,61.976088922328216,54.893121482642684,,37.49695115072068,61.63078609685408,68.88829094259525,46.115514366816186,,55.88782287162728,52.8838724030157,,42.92595366154902,53.27829662610789,105.30179326260487,100.17643052927099
2024-02-08 19:04:09,2024.1040404662656,S2,-8.545922693659586,53.027444127397004,,,20.885302059246857,51.61922573461042,55.143346829450245,,,51.44505767807631,50.82329166807116,,45.0838830191485,58.23984246315826,109.60160345299462,99.23246009732432
2024-02-10 18:46:10,2024.1095162802796,L8,42.81794357274635,47.84009503222308,45.62044125086,,6.95302244564407,51.34489355382835,60.34721979009388,,,48.5671131621668,50.58557185632374,36.26659040002119,45.5216513810155,49.78901624865135,97.79625382173042,85.78780077347292
2024-02-18 18:46:15,2024.1314195363354,L9,27.82203568822127,57.95058636483249,58.81702784741051,,,61.355680811944914,68.03379535556238,,,60.33591505434725,67.92063638915471,,55.55101317764212,67.07137750144715,97.8094067948463,100.79214529730237
2024-02-18 19:04:10,2024.1314195363354,S2,66.12008349206269,64.58367091611642,62.17259445268087,,,,,,,,,,,63.48421383738812,105.3053373123704,99.30269562173221
2024-02-28 19:04:07,2024.1587986064053,S2,57.44962074588243,62.071676383723094,60.75966597469931,55.62629510785396,54.43881378254318,60.57956545511662,68.10000397379518,57.46315303327752,58.183332915641884,60.06201101106319,60.79069471232929,57.31330208249396,65.82465441087118,62.52287781470791,105.29958353765774,104.77703533351365
2024-03-13 18:45:55,2024.1971293045033,L8,20.135940270941305,53.27425354969026,50.70153316237553,59.00626597149779,44.507122544377964,60.965088983439315,62.534191135648314,50.610668015515564,42.60787386579477,58.74997481365684,59.35092711408132,50.03407010645469,46.886246924991326,57.360432876019715,82.80761083808731,85.79067075091208
2024-03-14 19:04:09,2024.19986721151,S2,45.38173963279924,64.71816637657037,66.37997885510777,67.80671755356371,64.16875736193293,69.0979562161495,70.82974633681306,60.9860905893766,56.699295065469514,66.06665370305032,66.46170664154198,61.025039602867345,56.98915000962544,66.15259410779049,105.3110335685966,97.558306991524
2024-03-21 18:46:12,2024.219032560559,L9,43.57213645556212,57.43655347610296,54.12456029732894,66.20089649274676,51.952642541740715,63.82571942475114,65.60419228577304,50.752899487057256,51.88716254942452,62.40490100138946,65.07184661550163,55.97620988829609,56.86131683277807,71.03086271358318,82.80795044120651,85.78506447363058
2024-03-24 19:04:10,2024.22724628158,S2,,59.054764994712485,50.18098732316077,,,51.79524044054064,59.57243824670353,,,,,53.67992543701487,49.12897879701676,59.57269193185532,105.30447998033031,88.35885848211095
2024-04-06 18:46:04,2024.2628390726709,L9,46.147560445603936,57.372244629597986,58.071585839702486,66.36770183416759,54.83486721508735,62.36449932012889,66.03161018909826,55.969660227569214,49.83024597273133,58.89273261406086,58.39092287887899,55.5284072280554,56.73841357247767,68.07825765720631,97.81281434434281,85.7805180981294
2024-04-08 19:04:09,2024.268314886685,S2,46.247182561001445,61.08744712338914,60.210092063555486,60.49828118868046,54.45459282571755,61.622869505985456,66.88053626393392,56.0331824402307,53.77195597592215,54.710562046123094,60.9307323085083,56.02061597536619,54.40908209477438,65.49258178484418,105.30665485369443,99.11594921593087
2024-04-18 19:04:10,2024.2956939567548,S2,54.5818018060901,66.90201976316625,64.7437329383531,75.62801688343451,70.49829712699285,,,,,,,,,,,
2024-04-30 18:45:25,2024.3285488408387,L8,,,,,,,,70.45126180421971,83.8712737267044,88.69335714401491,83.68790833634466,70.68949992243932,92.16077833200522,,112.80873943448053,100.77745927239144
2024-05-03 19:04:12,2024.3367625618596,S2,55.38120920058433,71.85549731424867,70.88965185029423,89.65092300434702,79.1431828668479,74.41912052625055,79.76542326743336,68.99646082848625,79.13097248970674,79.94930500623403,85.51022997161269,76.66769759854658,83.54498357098257,83.2382917290616,115.30749616565829,123.61313595467979
2024-05-08 18:45:41,2024.3504520968945,L9,46.23912995914726,56.71781634055468,58.83854164030035,,,,,,,,,,,,82.80939220556878,70.78308101314704
2024-05-08 19:04:10,2024.3504520968945,S2,47.876353507921706,61.65824199343475,60.82592442622994,68.53894233233568,58.0827283936275,62.52131631178813,66.70293324222371,57.4301269021886,59.746271222130105,60.39604857063715,60.832218120518114,57.69419692791999,60.44349078820993,58.22762799462674,75.81845061639767,83.61542543432559
2024-05-23 19:04:08,2024.3915207019993,S2,,,,,,,,,,,,,,71.00459419056426,131.5091615427793,94.65310289000044
2024-06-08 18:51:20,2024.435327214111,L8,,,,,,,,,,,,,,,,
2024-06-17 18:45:14,2024.4599683771742,L8,42.865034458157794,58.895639990731986,62.42324325721843,78.7894989676797,81.46908230690036,68.97350706586542,68.3977585303705,65.58623890847963,69.53408479789219,,,,,,,
2024-06-24 18:51:31,2024.479133726223,L8,,,,,,,,,,,,,,,,
2024-06-27 19:04:13,2024.487347447244,S2,60.82214792167777,71.51749807348367,69.00688928546762,86.7352929598581,92.3173683848616,81.62717674634975,77.29202991981255,69.39496189265766,85.84570430109585,82.93479138145337,75.35760570118774,72.06539736304128,88.75135567761549,86.28972571701723,115.31429277473745,93.16716656482599
2024-07-02 19:04:13,2024.501036982279,S2,47.89905498397477,59.59903021124495,60.716701950074665,71.79568486138392,76.19690874833309,66.21028688172072,70.93691160162128,59.02586307672739,76.08455209627655,68.74672959264821,64.4183211475255,63.37546067907934,65.63599416854055,63.283529956984715,85.30348202134499,87.52985454492776
2024-07-03 18:45:23,2024.503774889286,L8,,,,,,,,,,,,,,,,
2024-07-10 18:51:39,2024.5229402383347,L8,,,,,,,,,,,,,,,,
2024-07-11 18:45:28,2024.5256781453418,L9,,,,,,,,,,,,,,,,
2024-07-19 18:45:38,2024.5475814013978,L8,,,,,,,,,,,,,,,,
2024-07-22 19:04:11,2024.5557951224187,S2,48.21881460707081,62.24411182229674,60.676877495830134,65.629345524958,78.45591961856864,71.57466811435972,67.8240794199047,58.60338581148135,69.66860427153543,74.8312934337971,62.47252233229078,60.672312495119,61.77539953839759,,,
2024-08-11 18:51:53,2024.6105532625584,L8,,,,,,,,78.90939677364277,,99.354226961285,,,,,,
2024-08-16 19:04:12,2024.6242427975933,S2,53.460607607600494,61.88064666263943,67.21682672356569,79.13007062422797,102.34614357716646,93.05434726521662,71.38406018645998,66.5038533147441,87.03531561403935,87.63864651826212,75.63838933805613,77.08176483590346,81.15189511125075,78.65852790229147,105.29751948534329,126.93272894241876
2024-08-20 18:45:49,2024.6351944256214,L8,52.67592372608746,58.79313784121889,67.7522922184443,81.33707393499064,,94.14759559881836,71.99901036281308,63.75704360285238,88.35392824259787,85.89049072807998,75.51341804037705,70.23861271392741,69.47892805039073,,127.81107822912364,130.78922746882446
2024-08-21 19:04:07,2024.6379323326282,S2,47.172447909235615,66.57432893193662,62.19476232471636,75.66087594693086,99.26556747270035,93.3257755856421,72.51568658274651,60.243650160170645,85.32851972497531,91.62260407106923,72.10171744484411,76.48111907517875,79.74852307915438,72.49153819622074,116.97631112282903,125.00715835056697
2024-08-27 18:52:00,2024.6543597746702,L8,,,,,,,,,,,,,,,,
2024-09-20 18:52:02,2024.720069542838,L9,,,,,,,,,,,,,,,,
2024-09-30 19:04:07,2024.7474486129079,S2,45.440856870017,57.46273109095434,59.67916569595045,60.44609579585315,99.97946313978191,81.40969858836299,62.62570427033988,56.322607225830026,70.75520436777768,75.90868152463561,58.72593788850854,55.437888026686444,59.295400448708044,59.02211855587603,105.30921755816978,93.29321106578288
2024-10-05 19:04:10,2024.7611381479428,S2,55.318765028539396,62.072014875705406,63.01417417494382,56.448548366035155,99.71903620057901,80.66044123156996,69.44210776756518,54.89484999796335,78.59373410776551,77.12442402136287,63.621347929224896,60.571541788985776,65.18594249498884,58.61750645369845,115.31074884967254,99.15489567251267
2024-10-06 18:52:10,2024.7638760549498,L9,,,,,,,,62.25968711175257,78.64515581254535,85.59244794306656,60.855495769806936,56.45345151838607,65.98695136319189,63.5632629229363,112.80339515854158,115.79009851600668
2024-10-07 18:45:56,2024.7666139619569,L8,42.88871468155209,57.69938581780096,58.85197977676129,64.64637794582215,,94.05409124415584,71.32752095073934,56.38162917971807,80.07373538668276,85.2436169278987,63.80610732860064,57.827534594894274,65.01297301028538,60.988276877678146,112.81084876398822,115.78110804528067
2024-10-20 19:04:09,2024.8022067530476,S2,75.32707845772565,63.91359003632962,60.51834817439875,45.74966021593621,75.18694939413756,64.699646152134,67.83680745643244,56.380977044210226,60.37289745525274,68.71958960887916,56.461706601230844,57.0104268676282,53.047467710181344,54.5074323894313,121.93731002665456,101.21044475642884
2024-10-23 18:46:08,2024.8104204740687,L8,42.825987882666304,56.05509519503576,57.588027304998164,14.59300731352193,87.13110426947917,79.16696548502752,70.40622955909339,53.73413544287768,73.07996272425189,80.38468039619062,62.770724492623145,56.97978185967634,63.36550638961689,61.123546481345535,97.8048866595731,100.78676746402544
2024-10-25 19:04:10,2024.8158962880825,S2,68.46594559092277,74.91060125057429,69.7964874412139,65.6241139149474,102.70944822664785,91.58183626668514,72.11708659964722,63.366726198657375,80.61315777165068,88.14475983206421,70.92693211195434,63.93861744473489,78.75479278628862,76.47219063305722,115.3119726359438,132.96232151231476
2024-10-30 18:52:11,2024.8295858231174,L8,57.823923005419594,57.74883758310466,60.541028363746086,1.5937236428050632,83.34870159093278,77.29040263212096,70.43529824085783,56.239681109941166,60.43569865023509,72.2407202531421,61.62063554048223,55.86694909894023,56.80966231293907,60.543371257440334,97.81033336617755,85.77656166130758
2024-10-30 19:04:10,2024.8295858231174,S2,75.31505113390439,63.49277368207894,61.510110707307305,4.984993730081694,79.71625760049014,71.04027860735944,71.35045726336966,58.306029877539885,62.265541167223915,80.32885790316223,62.0456875389595,59.5161093538744,59.01360075142737,60.06424114404826,105.30046708692697,106.73420265607699
2024-10-31 18:46:10,2024.8323237301245,L9,42.834495049695114,57.92633244487635,58.66663761162201,,68.13700469977302,71.75380869389932,70.2354402761303,50.608822003850726,54.12328706844279,71.82088436841593,58.579827797240924,54.505267636182026,50.235208591619354,58.60687677360052,97.80899985403241,85.78745215626186
2024-11-04 19:04:05,2024.8432753581524,S2,55.318963198149014,58.34926104055447,55.016822656425575,-44.26888706460071,,61.61756130935224,64.57178146887696,51.396782325068614,51.91908599886615,59.944652944943016,58.656343228700294,56.06001647464047,56.43358890282815,59.530297716163126,105.302116316786,95.14306389981245
2024-11-08 18:46:06,2024.8542269861805,L8,57.81901162271323,62.05767082358815,66.86953236595393,-46.797465269472156,,74.75187644776045,72.24703852144404,54.62704562901783,64.13448622494982,82.2746098776226,61.78249529744184,54.838604188876175,62.19964301020669,60.58599469229888,112.80834852540781,115.79101086257843
2024-11-15 18:52:15,2024.8733923352293,L8,57.81531766720352,57.396047656596615,53.322251509417455,,,60.82124367581292,60.33897345861703,,,49.36826799117054,52.799056419954795,48.47317395074703,47.04081435524183,58.41709842982048,97.81263994406532,59.81303939306541
2024-11-19 19:04:09,2024.8843439632574,S2,55.31792765263413,59.79402918010206,57.060740955326054,,53.518898976239946,61.6140516901426,61.205328345103645,48.800246295060646,48.7551083253768,53.487015772289155,52.638514738306085,54.267617451510304,55.835213171071146,60.33095782799869,115.32271708903087,98.46967575602592
2024-11-24 18:46:15,2024.8980334982923,L8,57.818744245229205,55.45770995834582,61.5982760692348,,11.243540653816614,70.42968010351149,81.08004401436796,,,56.0988361237115,67.89424144394616,53.39870099732874,48.885473587592514,64.87322451787784,100.02630760570925,130.78985860795842
2024-11-24 19:04:10,2024.8980334982923,S2,-0.09568986445766274,68.45695856022849,,,,76.70020897359953,80.65667881401936,59.515219251251686,,63.515050759086925,73.26367336021823,,53.70735408779773,73.31408062132266,125.31463814788128,127.48941022776677
2024-11-29 19:04:08,2024.9117230333272,S2,13.23194597683083,73.32190353877029,,,44.66354863873967,,82.86371580886653,55.659027181032364,49.7192073084268,70.15195699691671,67.7899157962329,52.54875709184979,56.98809359053932,63.56889665395666,120.1095692315376,139.96601778198075
2024-12-02 18:46:18,2024.919936754348,L9,,,,,6.968322399771072,61.384778797314766,68.21199462966119,,,55.54133634898524,58.17860508363359,50.02068681879606,43.964962610983626,56.172081768748136,97.80230201692083,85.78078741899678
2024-12-04 19:04:09,2024.9254125683622,S2,-7.0410067427100875,64.13476004417143,,,,66.61708299902287,67.29913835758747,,,61.21142074223954,60.09444815461926,,50.18924225397463,59.090095109420346,117.5813408037392,110.3145558522991
2024-12-09 18:52:19,2024.939102103397,L9,,,,,2.2542519016921743,72.13317453175753,72.01729043484733,,,57.21330554111001,67.02849523644326,59.729247934975604,50.202444793395244,71.16174875527383,112.81290710200662,100.78476566535575
2024-12-09 19:04:38,2024.939102103397,S2,76.9470553742853,63.000457268678105,61.64431377782247,,17.399810039957586,73.05943908677645,77.80601625514514,,,65.65842214718116,70.54787862978377,62.484895248766925,60.18156941495225,73.74916560059712,115.3160195490244,102.68104813326777
2024-12-10 18:46:04,2024.9418400104041,L8,,,,,,,76.92179421530794,,,62.68818853036868,72.31795229016804,,53.329579012391264,64.17095268542002,97.79605678646035,100.77434426309657
2024-12-17 18:52:16,2024.9610053594529,L8,,,,,,56.06646065424232,61.38802351658763,,,46.59241507356768,52.88708179498943,,41.7936595581909,54.48685123340653,67.7995911255865,61.7173881279211
2024-12-18 18:46:14,2024.96374326646,L9,,,,,,,,,,47.91581039340667,55.52744435596895,,48.34722524790174,57.94124197446965,97.8114061558704,55.722386339629104
2024-12-19 19:04:08,2024.966481173467,S2,-6.672234339192247,60.50849301786556,,,14.756562140377273,62.021470262488265,62.69949365490895,,,50.47705262572748,53.25678999132278,,44.56277391714309,57.79127755326456,108.91490947532105,97.2924441172055
2025-01-08 19:04:05,2025.019165349049,S2,-11.830782536525707,63.490295123049776,,,12.215294246544046,72.10072635354818,80.08827531872979,,,62.451082570484594,69.4639020571137,,61.87780087073336,62.45630918653731,116.01365706244115,111.19655494243086
2025-01-11 18:46:10,2025.0273790700699,L8,,,,,,,,,,54.77460254230884,54.6107065167625,,48.312062568528205,52.100590706180014,97.79653808703128,85.7846268826741
2025-01-13 19:04:08,2025.032854884084,S2,-11.101788843606801,55.49018726359877,,,13.007600899172687,59.40208201037758,60.73121225344107,42.15387527930101,,55.68012902688489,55.77654853274714,,53.88768068479697,55.474509480647484,113.06815970305898,105.58006670686385
2025-01-18 19:04:08,2025.0465444191188,S2,-8.414243643103955,61.58602517696001,,,14.447943967317277,68.14767158901395,71.0836551355596,,,58.622220804029624,62.19806974582913,,67.00286323264224,60.391948874721926,115.30659229140592,109.38580197544583
2025-01-23 19:04:11,2025.0602339541538,S2,15.318096055261964,69.26896243306992,,,15.612952116137837,78.72579330176038,78.07191052028332,62.65811694894561,60.14226769432347,67.61434071115245,75.10047890490223,,84.68681305474163,69.37561436062319,115.29740061073093,128.90931165097984
2025-01-27 18:46:06,2025.0711855821817,L8,,,,,,58.56518871258886,69.80280835668597,35.59005231107716,,56.58806621622722,56.53119536591756,39.00442041109086,54.93141588376064,56.53631531954048,127.81293359140608,115.77024813208406
2025-01-28 19:04:37,2025.0739234891887,S2,75.48179957060472,58.510347593497464,,,,61.627536880685376,70.66575020008744,,,61.058708499119646,60.169358952182115,57.23691641455837,59.661116978408586,57.50121845846468,115.30488183631944,134.5925289048667
2025-02-07 19:04:37,2025.1013025592586,S2,85.32020100507089,70.7013128221301,72.63601151786642,85.62384694232605,,,,,,,,,,,,
2025-02-20 18:46:14,2025.1368953503495,L9,57.82644008977686,67.05366723712957,67.09139649999022,,21.957595844749406,64.11932618928081,72.59505494089237,65.58764306257069,58.756933140261694,63.8606475541445,75.97098851344008,58.44383244057765,62.52646453663955,70.66797498998275,97.79375280486417,100.78248550604555
2025-03-24 18:45:57,2025.2245083745731,L9,46.87738129559159,66.22140379105642,64.98500236919938,71.95991904814441,57.498972405084324,68.23631362333869,71.10444851049101,65.60580050304037,66.18452703315322,76.76457255317897,72.28081306091678,65.01210598347707,62.95004078314517,87.90171460359127,97.81384015765043,115.79247292356254
2025-03-24 19:04:12,2025.2245083745731,S2,55.33780746360037,73.42206731612649,72.06305921929479,88.04532171221915,67.84893254763179,68.60370281925192,77.59630978918138,69.49016005243381,66.43464506655505,76.0023126005502,80.67619012035355,67.67483098936914,63.17592890100002,87.6858807272407,105.31305106407788,110.40441703288403
2025-04-01 18:45:44,2025.246411630629,L8,,,,,,53.492543076363305,64.43459350036612,56.90881864464386,50.01162009132541,59.22408287600865,63.66275280584639,53.97539620417591,47.439824125455445,65.27489912626328,97.81644955546717,85.78744840711637
2025-04-03 19:04:08,2025.251887444643,S2,55.40434288866844,73.19079342417534,69.08317250632146,85.62333861359782,64.05670772697859,72.54137903428212,76.98765896581956,67.79135222078773,65.28966498765506,71.04058706622112,81.29716688622452,72.05877774050306,69.02025203589797,79.33599011739709,115.31147953121724,111.14251574967322
2025-04-08 19:04:32,2025.265576979678,S2,51.28654266302448,60.47387119396565,56.37132996270045,59.1643180346639,62.52536570105619,64.49836481314674,70.66441426096355,57.960910371144536,59.496794973570076,58.29272229941999,67.45258861479618,58.69416418880291,57.70244618408524,69.74764225387143,95.31167031325455,101.47380631596918
2025-04-09 18:45:57,2025.268314886685,L9,45.70180194555302,63.0702032744891,61.58516831520215,65.27623216824396,51.978624538068715,60.90940944648602,61.6437669124169,57.73940337526379,,,,,,,,
2025-05-10 19:04:22,2025.3531900039015,S2,47.930781182952,60.532222107620306,60.64248659031158,65.62721999621407,54.41383015969302,60.68937380603042,67.98664020762052,58.76954897539956,50.72901443133252,60.8683596056604,61.71385992340973,59.42615261465217,62.419213618812186,65.48581107586008,112.19605767051137,93.1835301862678
2025-05-13 19:04:10,2025.3614037249224,S2,46.53288694596127,56.834754855293994,56.36644971623046,62.01049685736614,57.26552858668777,61.61480709130419,,,,,,,,,,
2025-05-18 19:04:27,2025.3750932599573,S2,55.39606898218792,67.15514447097289,66.32381798639082,75.62876710016926,64.58037048805713,65.87374754464344,72.06677395509902,66.23861025771805,68.75198172478791,75.77819918529396,77.11781404427776,66.98021920856635,81.77246742442028,68.82037160440271,105.30987709617833,103.29313852994171
2025-05-19 18:45:30,2025.3778311669644,L8,,,,,,,,,,,,,,,,
2025-05-26 18:51:43,2025.3969965160134,L8,,,,,,,,,,,,,,57.71223585324302,52.776199210899925,70.77283174878848
2025-06-02 19:04:10,2025.4161618650623,S2,54.80074858899797,66.97959160521592,68.97685249737626,81.95888260345714,64.45296478204753,74.27601322320307,70.68664215346904,67.68717122291528,77.25455148765207,69.61752407639074,78.89929784236926,67.52063122761317,77.9330949483763,65.41575748842716,105.30945887121892,102.36021992571746
2025-06-17 19:04:28,2025.4572304701671,S2,60.28542584863342,67.36070592288463,66.41531398244194,85.68199377563695,64.47360782589365,80.72680520269232,77.7029260360865,68.37172511052029,82.22542849799201,82.81811076668123,79.21376497305349,72.55160430595828,81.69233003737938,73.32250063289156,105.3148311248067,110.80626539780077
2025-06-20 18:45:46,2025.465444191188,L8,,,,,,,,,,,,,,,,85.77994729896605
2025-06-22 19:04:10,2025.470920005202,S2,48.45951540843822,62.207559047288406,62.157652394894846,65.62426529742314,57.30743766537805,63.26426481941916,66.54097606090441,58.93211001962808,68.94586371376815,64.68751883848358,64.18791931503715,64.1210970111496,61.37536104589056,63.3091310291425,105.31409506142865,97.42959265882668
2025-06-27 18:52:00,2025.484609540237,L8,,,,,,,,,,,,,,,,71.09449110724758
2025-06-28 18:45:46,2025.487347447244,L9,,,,,,,,,,,,,,,,
2025-07-05 18:51:58,2025.5065127962928,L9,,,,,,,,,,,,,,,,
2025-07-13 18:52:03,2025.5284160523488,L8,,,,,,,,,,,,,,,,
2025-07-21 18:52:06,2025.5503193084046,L9,,,,,,,,,,,,,,,,
2025-08-14 18:52:17,2025.6160290765724,L8,,,,,,,,,,,,,,,,
2025-08-18 19:04:23,2025.6269807046003,S2,55.32987235627798,63.13413570252012,64.56767918468005,79.17490932158202,89.08337716865421,85.02268542335672,72.2341348419387,65.16629627958987,82.17182998397854,88.86777378712284,75.90610251672194,74.02124008378294,86.79961934291937,93.9626399722658,105.30031266974805,111.19237341472022
2025-08-26 19:04:28,2025.6488839606563,S2,46.002234228316304,62.66149857885321,65.39393540464373,65.62534924583791,84.14673109747167,73.1803155881842,70.66814677232918,58.30312654840529,82.86959274235643,82.32951811782333,69.09447824531695,72.51198763264539,80.07275667693841,80.63209262067417,69.09831234835832,96.37946603972195
2025-08-30 18:52:20,2025.6598355886842,L8,42.85293294505857,70.51470931728457,72.47567394404163,88.77765802626544,,,72.19746674425734,65.57666041409631,83.66537434344379,95.28477237890276,,89.90694080761514,,,112.81537095850963,130.78915055973386
2025-08-31 18:46:13,2025.6625734956913,L9,,,,,,,,,,,,,,,,
2025-08-31 19:04:10,2025.6625734956913,S2,55.29873949896913,67.1282323066553,64.62802558992999,82.63086833412594,97.99348003331859,86.49554543861801,79.93295011813328,64.9471989010603,89.28903022741031,94.30228340039838,82.37661221333758,77.048002425711,90.68202679593269,91.67110621042092,115.31498565371746,126.23622120912071
2025-09-15 18:52:26,2025.703642100796,L8,,,,,,,,,,90.62599120566009,77.21222613970713,80.00378926646934,91.62635486178759,,112.81618966308388,100.776743681874
2025-09-15 19:04:22,2025.703642100796,S2,47.42121523412804,58.86519573060728,61.569835430067016,67.2938299798894,95.65183628131976,86.27467433910941,71.46309596067402,59.17121529190966,79.83430593310507,81.52759583434886,74.67088225299986,79.32974818741405,82.49504781859898,91.1787268258323,105.31264730879231,106.34040136142568
2025-10-10 18:46:21,2025.7720897759707,L8,38.32744416416116,55.914081640902936,57.40900755735514,2.442691325037818,66.22856788835753,58.74896164214282,68.22870867590247,50.586284577225385,55.27679341790141,70.40561845001605,55.96252818628126,53.864572161254245,56.65389542263989,58.57048584797511,127.81436942551028,115.79214917162236
2025-10-10 19:04:08,2025.7720897759707,S2,75.31998372692462,60.25109904612271,59.726346244589294,55.625995831715954,68.14619904252984,61.95527668345338,69.09129741605584,53.80831063516617,61.55140662963187,70.18182826735786,60.565382755238225,61.33373707098529,71.13945261262877,62.98947307664177,116.34481309868822,97.85004441470882
2025-10-17 19:04:23,2025.7912551250197,S2,50.38005507583981,62.3956547002966,62.48991069672913,62.91665100631556,86.94009457320594,76.06041471461188,70.6762688188555,59.23925528062802,81.96920477066544,88.42502448349948,75.12861139993535,71.59876342282723,80.48719527349228,75.77591032053783,105.30648369182886,104.32996507765354
2025-10-20 19:04:09,2025.7994688460406,S2,55.32152924033537,55.5613836750432,58.664038250363774,39.315579095465935,55.33065806723038,58.87160561618972,62.32494596885176,47.84299039163183,58.20140593917432,64.72961720101262,59.591454379609594,58.28628590495232,51.99472662205876,61.68812191647017,105.31245901142715,81.08343860039793
2025-11-03 18:46:24,2025.8377995441385,L9,57.81587151771959,58.29260607268353,56.97413025702021,,40.476822284227744,63.80432781008625,68.178717903505,50.603481297850266,52.78083215538512,56.89203392490485,55.45259204337643,50.04227268258792,52.07235198369382,57.09046552060134,97.81578422487988,85.77376032861852
2025-11-09 19:04:05,2025.8542269861805,S2,79.00532715284562,61.68513321495094,63.04842972960979,-44.28646737069956,,61.61703766602577,70.66847172089383,54.74164206224448,51.11805644968081,59.096112387420625,60.21705873177305,56.94435708553236,51.579596868983415,56.581898245104966,115.31016027060039,99.3552466886335
2025-11-24 19:04:19,2025.8952955912853,S2,76.18604512722479,59.588741733762475,52.14176898155817,,,60.08489588173194,64.797574552558,52.53762914166546,40.07686889733369,54.74151300615952,58.81480398865435,54.237445136629354,51.90698078921608,59.05198269431986,105.30757690114872,83.31030691992802
2025-11-26 19:04:26,2025.900771405299,S2,75.81859620336914,66.48111756809087,60.11819897686028,,,69.87568976798755,71.74092336928723,58.80339535625574,50.82579654623997,67.56343897847323,62.51437580096687,60.277652206565264,57.36455618668087,63.27803619473863,117.06265864581775,101.65812024465279
2025-11-29 19:04:03,2025.9089851263202,S2,75.32700731633665,65.06846946740694,61.29118156533268,,,76.32383966402415,80.70420272186396,63.29436279097047,,76.36182951101785,70.03552461110354,62.70832210961591,65.30985125744328,69.6099463793166,115.30787965277052,112.89921492546861
2025-12-04 19:04:16,2025.9226746613551,S2,78.3595839174201,56.90087580268207,55.02545846929547,,,62.03183217314473,64.32793709570704,,,59.44797789702764,55.21898898206397,53.723152249331335,50.83212849593377,56.98887809229975,105.30483583449275,99.15990358672462
2025-12-05 18:46:26,2025.9254125683622,L9,,,,,4.3890395173895165,57.91899626827713,70.73536843379253,,,57.093763203470864,60.83886462432559,50.87329529785791,45.87778579644514,56.2339728751486,127.81409928943495,115.78213474095922
2025-12-09 19:04:07,2025.93636419639,S2,77.46602952308176,61.47339133925469,59.29693243517426,,17.254121548336368,66.9660280528233,68.87754303637014,,,69.64543626618672,60.72292932785513,57.93932877488741,57.06205140520645,63.24608123463897,115.30975136617278,106.30024379110297
2025-12-16 19:04:24,2025.955529545439,S2,55.32387190139816,62.995499774268396,62.354553769559715,,,72.9019892717996,77.14942897905908,,,83.03883432647733,68.37345177692387,63.777361183202714,72.09687125888951,72.31969493547572,115.31291277711475,108.44146605999644
2025-12-29 18:46:18,2025.9911223365298,L8,,,,,,,77.71120568221498,,,69.9476121956315,74.37800136271292,60.52136693960409,64.21662577497165,67.15672371458575,127.79040875988845,145.79238948414996
2025-12-29 19:04:08,2025.9911223365298,S2,79.21264198947804,64.18822524903706,,,8.284126436133068,77.50944320096914,80.66155590494307,,,77.70630085500737,83.37826839342937,72.53053137369494,76.94819939244724,77.02883900250457,125.29772652197677,147.5883964229402
2026-01-06 18:46:24,2026.013689535035,L9,,,,,,,,,,,,,38.46769832106336,52.62001388084772,97.7961076467845,85.78425503847625
2026-01-08 19:04:06,2026.019165349049,S2,,,,,-1.1800581302725999,56.772620133742336,70.6650701916658,47.86970737649685,,57.67852627640678,62.42786822372735,,49.078686141956,64.6621241858945,115.3126811244268,99.35849312635595
2026-01-13 19:04:11,2026.032854884084,S2,55.31885868852081,,60.3278158974622,,8.494667712691976,66.97879380080286,77.09764971443506,,,68.99064234972862,66.32252328042335,,67.06387983848647,66.61802890839084,105.30432241606145,100.75333078401748
2026-01-14 18:46:12,2026.035592791091,L8,,,,,,,68.2060234837946,47.608824402857216,,,,,54.65854533101452,55.823047680078126,97.7903255726877,100.78626656896358
2026-01-18 19:04:03,2026.0465444191188,S2,85.31888918088642,59.26428354296671,58.9701314647414,,14.444658009829993,,70.6777425272312,,,59.8587667443263,58.98572824075854,,56.12245260913234,61.122837827839206,115.30332552511688,98.93284526990072
2026-01-22 18:46:24,2026.0574960471467,L9,,,,,,54.17013480747753,68.23679317048602,50.55375904051486,,68.22400094500213,58.65889705953876,,57.341850573199125,58.80097937662752,97.79974839758773,115.79356325797451
2026-02-02 19:04:09,2026.0876130242236,S2,35.322131582139704,55.92384113234587,51.65638367942529,,,57.807883988191776,63.10492983267922,,,48.48468807469777,50.505030354667376,42.89042801534376,43.23391226377622,53.29153172586439,105.30818511522104,83.74758566496097
2026-02-12 19:04:11,2026.1149920942935,S2,55.31892222558272,56.36998879948171,61.821567606483356,,,,,,,,,,,,105.30392045002552,104.09519645881153
2026-02-27 19:04:07,2026.1560606993983,S2,75.32253865908008,79.76643610447867,80.55305219334329,65.62675626004162,61.8414950703019,73.01648750994865,80.4309135892356,66.49857318079049,59.76215487616763,82.12729235081183,75.83516134071989,68.96707753398447,79.02936413909667,84.19944383476225,125.30618656060717,126.07633822538233
2026-03-06 19:04:28,2026.1752260484473,S2,57.59545944326165,60.867995127468035,56.51411029945327,53.405691201779405,54.48848329952958,62.492154414316055,68.11956137861291,57.63332475807676,53.087238288161856,66.77742986155029,60.21998631110281,55.76402615473281,62.71932219947848,61.09407515100975,105.30577753853518,98.80662667070064
2026-03-11 18:46:07,2026.1889155834822,L9,34.9899349018692,64.91695426310821,64.97837702163292,71.85263218693397,60.08175264984652,71.21361019601238,72.30347477946037,57.66509503676025,69.70656231594074,77.74227091346621,82.84309370949363,72.19807104748541,,73.0163688834527,112.81159481369053,102.11231813659056
2026-03-16 19:04:30,2026.202605118517,S2,55.33472784398307,68.62389393996484,66.22311412907254,76.92851899544047,64.51155282960993,,80.66221613041199,58.57950721112947,67.92322896524576,69.16537996719266,63.62067860140816,67.89520745306935,82.38336998699863,66.80539935983592,125.31446545191729,113.34413556664224
2026-03-19 18:45:51,2026.2108188395382,L8,32.37335127744327,54.51881474175648,51.36648183357315,60.65255478333932,51.93014334895381,53.552882850387554,71.2101088829865,51.68907154769568,50.38486893218089,57.20516397894406,56.320571235766955,53.919982472912,72.94855356275451,57.81556151057496,98.09309271153663,85.77405001111626
2026-03-19 19:04:05,2026.2108188395382,S2,49.61878475071719,63.61982904754642,60.57284395900634,65.72466560682957,57.443505250619474,61.6233023526197,71.84123887736726,58.35413441580465,61.052966782952176,69.53721043080402,61.202470362758476,59.966901250073114,74.28573561481308,62.428738076462594,105.3091392046242,103.29369159412946
2026-03-24 19:04:11,2026.2245083745731,S2,56.71447640570291,70.44285985314383,73.43106446261714,88.7996634004369,85.63505169512567,86.20300732839894,82.43241063172536,70.36480470708256,84.52472690141614,88.10313825929283,89.67849349117355,88.09099015834444,93.36080607989231,89.55444137196785,115.31313492636296,117.57157346066165
2026-04-03 19:04:09,2026.251887444643,S2,46.60615040771479,61.445912384528754,56.33392052272216,58.4207799699391,54.4484496282721,61.61587784324357,68.24436566088372,59.92782624406929,64.65568048115286,70.02956624376756,61.54216670255773,58.07959302578364,72.23144239959035,70.72762181421199,105.31128540269789,96.54634471253581
2026-04-04 18:45:40,2026.25462535165,L8,40.34577006327602,55.069200661202636,57.25140625186472,68.85007627870807,59.7823326561588,,,,,,,,,,,85.7821822639265
2026-04-05 19:04:29,2026.2573632586568,S2,49.355913977211685,62.81553152614224,66.32644543548467,85.6276912598931,64.4434550849458,71.8927737793322,71.31101686993631,64.17190153393439,74.85938066988571,86.47950783880513,69.42932537821163,62.9319765463157,79.9952036158422,76.27831507573133,115.31591120746776,108.31015830048966
2026-04-08 19:04:08,2026.265576979678,S2,59.46057119609163,75.72762471600132,70.5671834574433,85.62922294363273,86.40935330920104,88.53328454407546,80.31413713023784,76.30591791451418,87.5807766597425,96.43394833966545,87.52398964708809,79.34609459355167,87.07229970224695,93.30079904880486,115.3070739789859,110.60519348072407
2026-04-13 19:04:08,2026.2792665147128,S2,53.199594022841175,65.09768677110887,62.92364490750257,75.62493781257618,68.95898240977772,76.24806064345168,72.22865168592276,65.91951090517917,71.6825139493812,82.9294038435045,71.32271909673334,64.53346517498134,75.5598082482193,87.18948173576503,105.3109605853674,98.25427045488154
2026-04-23 19:04:10,2026.3066455847827,S2,60.47815610717801,73.56060281863307,69.84649440514661,85.6268917071317,91.49164784992317,82.7270957018217,84.66033470561905,77.35535680038555,88.86274515337257,94.91439919390908,92.51244883904103,89.17740730872589,93.30357615053389,,115.3146582630397,110.58710925668255
2026-04-28 18:45:47,2026.3203351198176,L9,48.726721992826754,65.85671495980837,64.33236345123488,82.03777648092168,87.01650097291815,64.1354417210789,70.71950020992928,64.24357748200066,81.41388295696817,83.60529435071678,67.4841470646554,68.44742485492458,77.06808347450698,89.74669338168245,97.80299800474741,100.78478757701698
2026-04-28 19:04:06,2026.3203351198176,S2,48.68237006565252,63.90648342530459,66.32810347175098,75.62667080776312,84.1938236726103,72.0969512515766,71.69372062867703,60.9851782771095,81.51866742008401,89.03032828344942,75.24560908021228,76.9516879193247,87.71717717002974,93.31778912307439,105.30346339865457,94.35738269303123
2026-05-14 18:45:32,2026.3641416319294,L9,48.264463300036496,57.382141968043335,58.89765863394859,69.90509453027529,88.41042096009932,76.73070003265255,66.41258054011303,,,,,,,,,
2026-05-15 19:04:24,2026.3668795389365,S2,45.388492356260144,58.26790342957198,59.15372424492559,61.91398183010781,79.40671658571881,73.34446329972987,67.34773758683005,57.88470547939277,73.11763786801492,76.14218274867284,59.640953439995556,64.80299265968866,69.31135540377973,77.1326955638639,68.39087149359028,98.5506598627159
2026-05-18 19:04:05,2026.3750932599573,S2,48.568718986655824,61.36847252509854,61.27398755800385,65.62681235950976,67.24740840321103,63.7173300468705,69.55850598559527,57.62095422128563,61.49909391780117,63.219260983242364,63.876331223151524,62.73363166683943,53.0846834847451,61.8640127350904,105.31560920742719,97.48530101091939
2026-06-04 19:04:25,2026.4216376790762,S2,,,,,,,,,,74.65409976536469,65.30614820838689,62.765068012648,71.72151149252781,63.55427951929033,95.31509464121115,96.24013146067573
2026-06-06 18:51:30,2026.4271134930902,L9,,,,,,,,,,,,65.08762173974087,69.5616082919781,79.66248203009486,97.81303542308409,100.7835354126683
2026-06-07 18:45:10,2026.4298514000973,L8,47.50798166239931,61.39068316471478,61.202604344016855,81.22069764031352,81.3177109828801,86.26351160082666,69.24216558810532,64.71005043907783,,,,,,,,
2026-06-07 19:04:06,2026.4298514000973,S2,55.220226511819305,66.87996039526841,66.32304798813249,87.4059246680321,88.14950828679812,82.05777384589675,71.72603560461727,65.66486326874073,81.11715017094596,85.18080392674985,68.85191393247722,68.09369889566148,76.17989740821608,67.92777548023244,71.98006538246075,102.52139101849413
2026-06-12 19:04:09,2026.4435409351322,S2,48.39504897468732,61.025568118971165,59.97760273650123,68.4453642829335,87.60759851622032,77.83393706956579,71.64737571825815,,,,,,,,,
2026-06-27 19:04:07,2026.484609540237,S2,55.31852698332919,56.56284916077605,57.75249300970104,76.26852454858843,98.29442237646649,93.96358675169787,67.79756495764241,56.06095951141763,74.87201390973891,82.19697186116665,62.556097379820436,63.72042506948933,77.71020249691503,87.94205039633846,85.71043679301609,106.52650411351314
2026-06-30 18:51:37,2026.4928232612579,L8,,,,,,,,,,,,,,,,
2026-07-02 19:04:08,2026.498299075272,S2,,,,,,,,,,80.12011587800792,67.72384647611835,,,,,
2026-07-08 18:51:46,2026.5147265173139,L9,,,,,,,,,,,,,,,53.15651515756624,
2026-07-14 19:04:26,2026.5311539593558,S2,47.564849940386026,63.827656421178844,66.32545548146742,57.62678317820755,114.39119753524834,,71.89798302921776,62.287654943186425,87.43359155974719,90.54161779163756,73.24211227815418,72.50344113895474,88.67392150557836,86.73984928782545,105.29999036433492,110.75991673771098
2026-07-16 18:51:41,2026.5366297733697,L8,46.16560695889213,55.154688863992234,52.749400334416165,54.20979693199247,,,64.20331594746693,52.25629892843846,73.26503717252777,84.43128595968756,58.50260219077752,58.99070694403808,64.64147819479959,62.3556492897521,82.81477186801361,85.78483607531243
2026-08-01 19:04:10,2026.5804362854815,S2,55.3879523549899,59.30087255890641,58.79315475395893,54.11013600815959,,,70.66939462579954,58.148989114658015,81.79477925845782,94.63291383075622,77.89783066133124,81.71966383010793,91.55475535788482,92.33037266677573,79.78872366944614,94.54431708263174
2026-08-02 18:45:52,2026.5831741924885,L9,44.93303175430678,54.594147852685076,,,,,,,,,,,,,,
2026-08-03 19:04:27,2026.5859120994955,S2,45.38685598915434,58.14075066727937,58.868181117293844,55.658978070846445,114.39036079850362,95.9604704327729,66.13732876660391,57.346095692554535,79.27379355549472,74.77340675671515,72.07692774063882,70.95040836753331,84.21346529790218,78.68244819057058,65.26604711975953,89.58774349660578
